IDRenglonVR,IDSubDeterminacionVR,Categoria,ValoresNormales,InformarUnidades
41,104,Valores de referencia:,De 70  a  110,1
43,106,Masculinos:,2 a 7,1
44,107,Adulto femenino:,"De 2,4  a  5,7",1
45,107,Adulto masculino:,"De 3,4  a  7,0",1
48,128,Valores de referencia:,135  a  145,1
49,129,Valores de referencia:,"3,5  a  4,5",1
50,130,Hombres,De 24 a 195,1
51,130,Mujeres,De 24 a 170,1
52,131,Valores de referencia:,230 a 460,1
54,132,Hombres,hasta  37,1
55,132,Mujeres,Hasta 31,1
61,166,Valores de referencia:,30  a  40,1
70,188,Valores de referencia:,60  a  120,1
74,213,Valores de referencia:,35  a  45,1
75,214,Valores de referencia:,80  a  100,1
76,215,Valores de referencia:,95  a  98,1
77,229,Adultos:,Hasta 160,1
79,231,Adultos,De 48  a  230,1
80,255,Valores de referencia,150.000 a 400.000,1
81,256,Valor de referencia:,NEGATIVO,1
96,318,Hombres:,Hasta 41,1
97,251,Adultos:,"8,50 a 10,50",1
98,251,Recién nacido:,"7,50 a 9,50",1
146,1258,Valor de referencia,Hasta 4,1
147,1260,Valor de referencia,"Hasta 1,60",1
148,1259,Valor de referencia,"0,9 a 9,0",1
149,1262,Negativo:,Menor a 1/8,1
152,338,Hombres :,"De 11,0 a 50,0",1
153,338,Mujeres:,"De 7,0 a 32,0",1
171,1302,Adultos:,"De 0,5 a 2,0",1
172,1303,Adulto:,De 4 a l2,1
173,1304,Adultos:,Hasta 5,1
174,318,Mujeres:,Hasta 31,1
175,1352,Hombres:,"De 0,80 a 1,40",1
176,1352,Mujeres:,"De 0,70 a 1,20",1
177,1353,Valor de referencia:,"De 0,90 a 1,50",1
180,1357,Adultos:,"Hasta 13,6",1
183,1364,Riesgo bajo:,Menor a 140,1
184,1364,Riesgo moderado:,De 140 a 190,1
185,1364,Riesgo alto:,Mayor a 190,1
195,229,Niños de 1 a 4 años:,Hasta 100,1
198,229,Niños de 5 a 10 años:,Hasta 150,1
199,334,Valor de referencia:,De 400 a 800,1
214,1387,Adultos:,"De 2,50 a 4,50",1
215,1387,Niños:,"De 4,00 a 6,50",1
228,270,Valores de referencia:,"De 6,00 a 8,00",1
229,271,Valor de referrencia:,"De 3,24 a 4,32",1
230,272,Valor de referencia:,"De 2,60 a 3,70",1
231,273,Valor de referencia:,"De 1,2 a 2,2",1
232,167,Valor de referencia:,12 a 15,1
233,168,Valor de referencia:,100,1
234,317,Adultos:,"De 0,5 a 3,0",1
235,317,Recién nacidos:,"De 2,0 a 6,0",1
236,1390,Valores de referencia:,De 4.970 a 13.977,1
237,315,Valor de referencia:,De 8 a 15,1
238,1304,Bebes hasta 5 días:,Hasta 20,1
239,1304,Niños hasta 5 años:,Hasta 10,1
240,1303,Bebes hasta 5 días:,De 9 a 20,1
241,1303,Niños hasta 5 años:,De 7 a 15,1
242,1302,Bebes hasta 5 días:,"De 0,5 a 2,1",1
243,1302,Niños hasta 5 años:,"De 1,6 a 2,4",1
253,1396,Adultos:,De 68 a 300,1
254,1396,Niños y adolescentes:,De 100 a 600,1
255,1399,Menor a 6 semanas:,"De 25,0 a 34,0",1
256,1399,Adulto:,De 37 a 55,1
257,1400,Valor de referencia:,"De 12,0 a 18,0",1
258,1401,Valor de referencia:,"De 32,0 a 36,0",1
259,1402,Valor de referrencia:,De 6.000 a 17.000,1
262,1418,Valor de referencia:,De 5 a 10,1
264,1425,Negativo:,Hasta 100,1
265,1426,Negativo:,Hasta 100,1
266,1427,Hombres:,De 20 a 320,1
267,1427,Mujeres:,De 10 a 280,1
268,1427,Pediátricos:,,1
269,1427,RN:,80 % del valor adulto,1
274,1434,Valores de referencia:,"De 0,50 a 1,60",1
275,1435,Valor de referencia:,De 8 a 57,1
276,1436,Valor de referencia:,De 8 a 49,1
278,1438,Valores de referencia:,De 13 a 60,1
280,1440,Valor de referencia:,"De 0,8 a 3,1",1
282,1423,Negativo:,No se observan BAAR.,1
289,1456,Valores de referencia:,No dosable.,1
291,1468,Riesgo bajo:,Menor a 140,1
292,1468,Riesgo moderado:,De 140 a 190,1
293,1468,Riesgo alto:,Mayor a 190,1
294,1472,Hombres:,"Hasta 4,97",1
295,1472,Mujeres:,"Hasta 4,44",1
296,1466,Hombres:,De 30 a 70,1
297,1466,Mujeres:,De 35 a 95,1
298,1470,Hombres:,De 10 a 40,1
299,1470,Mujeres:,De 5 a 32,1
300,1474,Hombres:,De 30 a 70,1
301,1474,Mujeres:,De 35 a 95,1
302,1476,Riesgo bajo:,Hasta 140,1
303,1476,Riesgo moderado:,De 140 a 190,1
304,1476,Riesgo alto:,Mayor a 190,1
305,1478,Hombres:,"Hasta 4,97",1
306,1478,Mujeres:,"Hasta 4,44",1
307,1481,Hombres:,De 30 a 70,1
308,1481,Mujeres:,De 35 a 95,1
309,1483,Riesgo Bajo:,Hasta 140,1
310,1483,Riesgo moderado:,De 140 a 190,1
311,1483,Riesgo Alto:,Mayor a 190,1
312,1485,Hombres:,"Hasta 4,95",1
313,1485,Mujeres:,"Hasta 4,44",1
314,1487,Valor de referencia:,Hasta 160,1
470,187,Marcador Oncologico:,Menor a 5,1
474,1657,Valor de referencia:,NEGATIVO,1
475,1658,No reactivo:,"Menor a 1,00",1
476,1658,Reactivo:,"Mayor o igual a 1,00",1
477,1660,Adulto masculino:,De 20 a 110,1
478,1660,Prepuber:,Menor a 40,1
479,1660,Día 1 a 10 del ciclo:,De 60 a 400,1
480,1660,Día 11 a 20 del ciclo:,De 120 a 430,1
481,1660,Día 21 a 30 del ciclo:,De 160 a 350,1
482,1660,Post menopausia:,Menor a 40,1
483,1661,Adulto masculino:,"De 0,10 a 0,50",1
485,1661,Fase folicular,"De 0,20 a 1,50",1
486,1661,Fase lutea:,"De 3,50 a 15,00",1
487,1661,Post-menopausia:,"De 0,20 a 0,50",1
494,1662,Valores de refencia:,"De17,3 a 74,1",1
495,1663,Valores de referencia:,"De 0,8 a 2,0",1
496,1423,Positivo + (una),0 a 1 BAAR/100 c,1
497,1423,"             ++ (dos)",1 a 10 BAAR/50 c,1
498,1423,"             +++ (tres)",> de 10 BAAR/50 c,1
501,1665,Referencia:,No reactivo,1
502,1667,Referencia:,Negativo.,1
503,1669,Valores de referencia:,Hasta 285,1
504,1670,Referencia:,NEGATIVO,1
505,1671,Referencia:,NEGATIVO,1
506,1672,Referencia:,NEGATIVO,1
507,1673,Referencia:,NEGATIVO,1
518,1677,Valores de referencia:,"De 1,9 a 2,5",1
519,1678,Valores de referencia:,De 250 a 750,1
522,1682,Valores de referencia:,"De 1,0 a 4,0",1
524,230,Recien nacidos:,De 720 a 1.650,1
525,230,De 1 a 3 meses:,De 220 a 920,1
526,230,De 4 a 6 meses:,De 200 a 880,1
527,230,De 7 a 12 meses:,De 270 a 1.220,1
528,230,De 1 a 2 años:,De 300 a 1.280,1
529,230,De 2 a 3 años:,De 540 a 1.350,1
530,230,De 3 a 5 años:,De 550 a 1.480,1
531,230,De 6 a 8 años:,De 600 a 1.550,1
532,230,De 9 a 11 años:,De 680 a 1.630,1
533,230,De 12 a 16 años:,De 680 a 1.650,1
534,230,Adultos:,De 680 a 1.700,1
535,1690,Mujer adulta:," 25 a 156",1
536,1690,Hombre adulto:,31 a 144,1
547,1698,Valores de referencia:,"De 3,0 a 8,0",1
549,1700,Valores de referencia:,"De 5,0 a 22,0",1
550,1701,Sangre de cordón,ND a 10,1
551,1701,De 1 a 3 meses,De 5 a 65,1
552,1701,De 4 a 6 meses,De 10 a 70,1
553,1701,De 7 a 12 meses,De 20 a 110,1
554,1701,De 1 a 2 años,De 20 a 130,1
555,1701,De 2 a 3 años,De 20 a 190,1
556,1701,De 3 a 5 años,De 40 a 270,1
557,1701,De 6 a 16 años,De 55 a 300,1
558,1701,Adultos,De 60 a 380,1
559,1702,Riesgo Prediabetes:,De 141 a 199,1
567,1713,Valores de referencia:,Menor a 37,1
568,1715,Valores de referencia:,"Hasta 3,70",1
569,1719,Valores de referencia:,"De 0,6 a 1,2",1
581,1725,Adulto:,Hasta 27,1
582,1725,Hasta 1 mes,"Hasta 0,6",1
583,1725,De 1 a 12 meses,"Hasta 2,5",1
584,1726,Valor de referencia:,"De 4,3 a 22,4",1
586,1725,De 1 a 2 años,"Hasta 3,5",1
587,1725,De 2 a 4 años,"Hasta 3,3",1
588,1725,De 4 a 9 años,"Hasta 6,2",1
589,1728,Adultos:,Hasta 97,1
590,1728,Hasta 1 mes,"De 1,1 a 9,8",1
591,1728,De 1 a 12 meses,"De 9,2 a 32,6",1
592,1728,De 1 a 2 años,"De 3,2 a 46,8",1
593,1728,De 2 a 4 años,"De 5,4 a 50,0",1
594,1728,De 4 a 9 años,"De 11,3 a 74,3",1
595,1727,Valores de referencia:,De 4 a 16,1
597,1734,Valor referencia:,NEGATIVO,1
598,1735,Valores de referencia:,"Hasta 32,4",1
599,1736,Valor de referencia:,"Hasta 4,0",1
601,1747,Negativo:,"Menor a 0,30",1
602,1747,Positivo:,"Mayor a 0,30",1
604,1748,Prepúberes:,"De 0,3 a 1,0",1
605,1748,Hombre Adulto:,"De 0,6 a 3,1",1
606,1748,Mujer Adulta:,"De 0,3 a 3,3",1
607,1748,Menopausia:,"Menor a 1,00",1
608,1749,Valor de referencia:,NEGATIVO,1
609,1750,Valores de referencia:,De 25 a 60,1
610,1751,Valores de referencia:,De 94 a 193,1
611,1752,Valores de referencia:,De 20 a 40,1
615,1756,Valor de referencia:,NEGATIVO,1
618,1759,Valores de referencia:,De 10 a 20,1
623,1764,Valores de referencia:,"Hasta 22,0",1
625,1766,Valor de referencia:,NEGATIVO,1
627,1769,NEGATIVO:,"Menor a  0,45",1
629,1769,POSITIVO:,"Mayor o igual a 0,45",1
631,1772,Valor predilectivo:,NEGATIVO,1
632,1770,Sensibilidad:,100,1
633,1777,Valor de referencia:,"Superiores al 11,0",1
634,1783,Valor predilectivo:,NEGATIVO,1
635,1785,Negativo:,"menor a 5,0",1
638,1784,Valores de refencia:,"Hasta 1,00",1
641,1789,No embarazadas:,"8,5",1
642,1789,Embarazadas:,14 semanas:  22,1
643,1789,,"15 semanas:  26,5",1
644,1789,,"16 semanas:  31,2",1
645,1789,,"17 semanas:  32,2",1
646,1789,,"18 semanas:  38,7",1
647,1789,,"19 semanas:  42,8",1
648,1789,,"20 semanas:  67,8",1
649,1789,,De 21 a 30:   112,1
650,1789,,De 31 a 40:   136,1
651,1790,Etapa aguda:,POSITIVO,1
652,1301,NEGATIVO:,Menor a 1/20,1
653,1791,Mujeres adultas:,De 250 a 350,1
654,1791,Hombres adultos:,De 300 a 400,1
655,1792,Adultos:,De 20 a 40,1
656,1793,Valores de refencia:,"Hasta 30,0",1
661,1800,Valores de referencia:,De 98 a 108,1
663,1802,Valor de referencia:,NEGATIVO,1
664,1803,Valor de referencia:,NEGATIVO,1
665,1801,Valor de referencia:,NEGATIVO,1
666,1805,Negativo:,Menor a 15,1
667,1806,Valor de refencia:,NEGATIVO,1
668,1807,Valor predilectivo:,NEGATIVO,1
670,1811,Valores de referencia:,600,1
671,1818,Valores de referencia:,De 40 a 150,1
675,1823,Valores de referencia:,De 6021 a 9165,1
676,1820,Valores de referencia:,"De 0,5 a 3,0",1
679,1822,Valores de referencia:,De 19 a 40,1
680,1844,,,1
681,1845,Valores de referencia:,"Hasta 0,30",1
683,1849,Referencia:,NEGATIVO,1
684,1847,Referencia:,NEGATIVO,1
685,1850,Valores de referencia,"Hasta 0,3",1
686,1852,Valor de referencia:,NO REACTIVO,1
703,1869,Valore de referencia:,Negativo,0
704,1870,Valores de referencia:,"De 3,5 a 13,9",1
708,1873,Valores de referencia:,De 210 a 910,1
709,1872,Valores de referencia:,"Mayor a 5,21",1
710,1874,Valore de referencia:,NEGATIVO,1
711,1877,Adulto:,"De 0,5 a 2,0",1
712,1877,Neonatos:,De 60 a 230,1
713,1877,Niños (1 a 7 años):,De 110 a 230,1
714,1877,Niños (7 a 12 años):,De 90 a 230,1
715,1878,Adultos:,"De 4,5 a 12,5",1
716,1878,Neonatos:,De 9 a 18,1
717,1878,Niños (1 a 7 años),De 7 a 15,1
718,1878,Niños (7 a 12 años),De 6 a 13,1
719,1879,Valores de referencia:,"De 0,3 a 5,0",1
729,1916,Valor de referencia,"l3,5",1
730,1917,Valor de referencia:,Hasta 5,1
731,1918,Valor de referencia:,,1
732,1919,Adultos:,De 68 a 240,1
733,1919,Adolescentes y niños:,De 100 a 400,1
734,1920,Hombres:,Hasta 37,1
735,1920,Mujeres:,Hasta 31,1
736,1921,Hombres:,Hasta 37,1
737,1921,Mujeres:,Hasta 31,1
741,1927,Rango Terapéutico:,De 50 a 100,1
742,1966,Valor de referencia:,Hasta 20,1
743,1967,Valores de referencia:,Hasta 4,1
744,1968,Adulto:,"De 4,5 a l2,5",1
745,1968,Neonato:,"De 9,0 a 12,0",1
746,1968,Niños de 1 a 6 años:,"De 7,0 a 15,0",1
747,1968,Niños de 7 a 12 años:,"De 6,0 a 13,0",1
748,1969,Valores de referencia:,"De 0,30 a 5,00",1
751,1970,Adultos:,De 80 a 200,1
752,1970,Neonato:,De 60 a 230,1
753,1970,Niños de 1 a 6 años:,De 110 a 230,1
754,1970,Niños de 6 a 12 años,De 90 a 230,1
758,1976,Valores de refencia:,"Mayor a 96,5",1
759,1977,Valores de refencia:,"2,0 a 3,5",1
760,1978,Valor de referencia:,"Menor a 1,0",1
761,1979,Valor de referencia:,NEGATIVO,1
762,1980,Valor de referencia:,Negativo,1
763,1981,Adultos normopeso,De 2 a 34,1
765,1982,Valor de referencia:,NEGATIVO,1
766,1983,Negativo:,Hasta 20,1
767,1984,,,1
768,1985,Positivo:,Mayor a 20,1
770,1988,Valores de referencia:,"De 0,71 a 1,85",1
782,2000,Valores de referencia:,Hasta 46,1
783,2001,Valores de referencia:,Hasta 2.000.000,1
784,2002,Valores de referencia:,Hasta 1.800.000,1
785,2003,Valres de referencia:,Hasta 1.000.000,1
786,2004,Valores de referencia:,Hasta 10.000,1
787,1789,Como marcador:,"De 0,5 a 6,6",1
788,2023,Hombres:,"hasta 3,0",1
790,2026,Valor predilectivo:,Negativo,1
791,2027,Negativo:,Menora 10,1
792,2027,Positivo:,Mayor a 30,1
794,2029,Valores de referencia:,Hasta 10,1
795,2030,Adultos,De 12 a 67,1
798,2031,Valor predilectivo:,Negativo,1
799,2032,Negativo :,"Menor a 0,9",1
800,2032,Positivo:,"Mayor a1,1",1
803,2036,Negativo:,"Menor a 0,90",1
804,2036,Positivo:,"Mayor a 1,10",1
805,2037,,,1
806,2038,,,1
807,2039,,,1
808,2040,,,1
809,2041,,,1
810,1300,No Reactivo:,Menor a 1/16,1
812,2045,No reactivo:,"Hasta 0,80",1
813,2045,Indeterminado:,"De 0,80 a 1,0",1
814,2045,Reactivo:,"Mayor a 1,0",1
815,2046,Valor de referencia:,Negativo,1
816,2047,Valor de refereencia:,De 70 a 110,1
817,2051,Valor de referencia:,Menor a 200,1
825,2060,No reactivo:,"Menor a 1,0",1
826,2061,Rango terapéutico,De 15 a 40,1
835,2077,Valores de referencia:,"Hasta 30,2",1
838,2079,Valores normales:,De 45 a 117,1
839,2080,Valores recomendados:,De 20 a 100,1
840,1427,1 mes:,Duplican el valor adulto,1
841,1427,Hasta los 15 años:,Menor al 80 % del valor adulto,1
852,2092,Valores de referencia:,De 1 a 4,1
853,2093,Valor de referencia:,De 8 a 15,1
854,2094,Valor de referencia:,"13,5",1
855,2095,Valor de referencia:,100,1
856,2096,Valor de referencia:,De 90 a 120,1
857,2097,Valor de referencia:,De 30 a 40,1
858,2098,Valor de referencia:,De 150.000 a 400.000,1
859,2100,Valores de referencia:,Entre 80 y 100,1
860,2101,Valores de referencia:,Entre 30 y 43,1
861,2102,Valores de referencia:,Menor a 10,1
862,2103,Valores de referencia:,Entre 15 a 30,1
863,2104,Valores de referencia:,Entre 35 y 50,1
864,2105,Valores de referencia:,Menor a 1,1
865,2106,Valores de referencia:,Entre 35 y 50,1
866,2107,Valores de referencia:,Menor a 1,1
867,2099,,,1
872,2112,Negativo:,Menor de 20,1
873,2113,Valores de referencia:,"Entre 0,10 y 0,20",1
874,2114,Valores de referencia:,"De 15,0 a 100,0",1
875,2115,Referencia:,NEGATIVO,1
876,2116,Valor de referencia:,Negativo,1
913,2293,Valores normales:,"80,0  a  94,0",1
914,2294,Valores normales:,"27,0  a  32,0",1
915,2295,Valores normales:,"32,0  a  38,0",1
916,2296,Valores de referencias:,De 150.000 a 450.000,1
917,2311,Valores de referencia:,De 150.000 a 400.000,1
918,2297,Valores de referencia:,"De 0,11 a 0,28",1
919,2298,Valores de referencia:,"De 7,00 a 11,00",1
974,2426,Hombres:,Hasta 46,1
975,2426,Mujeres:,Hasta 22,1
976,2428,Valores de referencia:,"Hasta 0,150",1
977,2430,Valores de referencia:,Entre 15 y 64,1
978,2431,Valores de referencia:,Entre 70 y 160,1
979,2433,Valores de referencia:,Entre 19 y 57,1
980,2007,Valores de referencia:,25 a 125,1
981,2434,Dieta libre de Calcio,De 5 a 40,1
986,2444,Valore de referencia:,NEGATIVO,1
987,2448,Negativo:,"menor a 6,0",1
990,2450,Negativo:,"menor 0,85",1
993,2452,Rango terapéutico,De 10 a 45,1
994,2453,Valores de referencia:,De 20 a 60,1
995,2454,Valores de referencia:,"De 0,34 a 1,00",1
996,2458,,,1
1005,2461,Negativo:,Menor a 25,1
1016,2462,Como marcador:,"De 0,5 a 6,6",1
1018,2464,Hombres:,De 7 a 44,1
1019,2464,Mujeres:,De 4 a 31,1
1020,2464,Niños:,De 13 a 38,1
1021,2466,Valor de Referencia:,De 140 a 900,1
1024,2468,Valores de referancia:,"De 0,90 a 1,50",1
1025,2470,Valores de referencia:,De 10  a  50,1
1026,2471,Valores de referencia:,De 20 a 40,1
1039,2487,Negativo:,Hasta 35,1
1041,2491,Concentración de corte:,"Hasta 5,50",1
1042,2492,Valores de referencia:,De 20 a 90,1
1076,2564,Negativo:,Menor a 15,1
1077,2564,Indeterminado:,De 16 a 37,1
1078,2566,Negativo:,Menor a 15,1
1079,2566,Indeterminado:,De 16 a 27,1
1084,2571,,,1
1085,2572,Rango Terapeutico:,"De 1,0 a 4,0",1
1086,2573,Límite de detección:,400,1
1091,2578,Valores de referencia:,De 29 a 59,1
1092,2579,Valores de referencia:,De 800 a 1200,1
1095,2585,Referencia:,No dosable,1
1096,2589,Valores de referencia:,"De 0,9 a 4,0",1
1097,2591,Negativo:,Menor a 10,1
1098,2111,,,1
1099,2111,,,1
1114,2595,Fumadores:,"Hasta  5,0",1
1115,2595,No fumadores,"Hasta  3,0",1
1116,2596,Valores de referencia:,De 70 a 170,1
1122,2599,Valores de referencia:,Hasta  230,1
1123,2600,Hombre adulto:,Hasta 40,1
1124,2600,Mujer: Fase folicular:,De 19.5 a 144.2,1
1125,2600,"           Fase ovulatoria:",De 63.9 a 356.7,1
1126,2600,"           Fase lutea:","De 55,8 a 214,2",1
1127,2600," Postmenopausia:",Menor de 32,1
1134,2604,Negativo:,"Menor a 0,90",1
1135,2604,Positivo:,"Mayor a 1,10",1
1136,2605,Valores de referencia:,"Menor a 0,11",1
1138,2608,Positivo:,"Mayor de 1,5",1
1145,2616,Rango terapéutico:,De 10 a 20,1
1150,2620,Valores de referencia:,"Menor o igual a 3,00",1
1151,2624,Valores de referencia:,"82,0  a  95,0",1
1152,2625,Valores de referencia:,"27,0  a  32,0",1
1153,2626,Valores de referencia:,"32,0  a  36,0",1
1154,2627,Valores de referencia:,"De 11,5 a 14,5",1
1155,2628,Valores de referrencia:,De 150.000 a 350.000,1
1156,2629,Valores de referencia:,"De 0,15 a 0,35",1
1157,2630,Valores de referencia:,"De 7,00 a 11,00",1
1158,2631,Valores de referencia:,"De 14,0 a 17,0",1
1162,2647,1 a 11 meses:,"De 6,3 a 13,6",1
1166,2651,Negativo:,Menor a 20,1
1167,2651,Positivo:,Mayor a 20,1
1168,2652,Adultos,"0,60 a 1,81",1
1169,2652,,,0
1170,2652,,,0
1171,2652,,,0
1172,2647,1 a 5 años:,"De 6,0 a 13,0",1
1173,2647,6 a 10 años:,"De 5,8 a 12,0",1
1174,2647,11 a 14 años:,"De 5,4 a 12,0",1
1175,2653,Valores de referencia:,De 90 a 180,1
1176,2654,Valor de referencia,"Menor a 4,00",1
1177,2655,Adultos:," 0,89 - 1,76",1
1178,2656,Adultos:,De 2 a 170,1
1184,2656,Menores a 1 año:,De 1 a 52,1
1185,2656,De 1 a 4 años:,De 1 a 352,1
1186,2656,De 4 a 10 años:,De 1 a 393,1
1188,2657,Hombre adulto:,"De 1,5 a 9,3",1
1189,2657,Mujer: Fase folicular:,"De 2,0 a 13,0",1
1190,2657,"           Fase ovulatoria:","De 8,7 a 76,0",1
1191,2657,"           Fase lutea:","De 0,5 a 17,0",1
1192,2657,"           Menopausia:","De 16,0 a 54,0",1
1194,2658,Hombre adulto:,"De 1,4 a 18,0",1
1195,2658,Mujer: Fase folicular:,"De 2,5 a 10,2",1
1196,2658,"             Fase ovulatoria:","De 3,4 a 33,4",1
1197,2658,"             Fase lutea:","De 1,5 a 9,1",1
1198,2658,"             Menopausia:","De 23,0 a 116,0",1
1202,2660,Masculino adulto:,De 400 a 2600,1
1203,2660,Prepuber:,De 80 a 500,1
1204,2660,Femenino adulto:,De 400 a 4100,1
1214,2671,Negativo:,"Menor a 1,0",1
1215,2671,Indeterminado:,"De 1,0 a 1,5",1
1216,2671,Positivo:,"Mayor a 1,5",1
1219,2672,Valores de refencia:,"Menor a 25,0",1
1225,2680,,,1
1247,2702,Adultos:,De 68 a 240,1
1248,2702,Adolescentes y niños:,De 100 a 400,1
1249,2703,Hombres:,Hasta 37,1
1250,2703,Mujeres:,Hasta 31,1
1251,2704,Hombres:,Hasta 37,1
1252,2704,Mujeres:,Hasta 31,1
1257,2713,Prrepúberes," De 0,3 a 2,2",1
1258,2713,Hombre adulto,"De 1,4 a 12,5",1
1259,2713,Mujer adulta,"De 0,8 a 10,5",1
1264,2715,No Reactivo:,"Menor de 0,8",1
1265,2715,Indeterminado:,"Entre 0,8 y 1,2",1
1266,2715,Reactivo:,"Igual o mayor a 1,2",1
1267,2718,Negativo:,Menor a  10,1
1269,2720,Valoras de referencia:,NEGATIVO,1
1270,2722,Valoras de referencia:,NEGATIVO,1
1271,2724,Valores de referencia:,"De 0,78 a 2,00",1
1272,2725,Valores de referencia:,"Mayor a 5,30",1
1273,2726,Adulto masculino:,De 350 a 5600,1
1274,2726,Adulto femenino:,De 260 a 4600,1
1279,2728,Fase Folicular:,"De 0,4 a 2,0",1
1280,2728,Fase lutea:,"De 0,4 a 4,0",1
1281,2728,Postmenospausia,"De 0,1 a 0,6",1
1282,2728,Adulto masculino,"De 0,4 a 3,3",1
1283,2729,Grado 0,Indetectable,1
1284,2729,Grado 1,Bajo,1
1285,2729,Grado 2,Moderado,1
1286,2729,Grado 3,Elevado,1
1287,2729,Grado 4,Muy elevado,1
1293,2731,Grado 0,Indetectable,1
1294,2731,Grado 1,Bajo,1
1295,2731,Grado 2,Moderado,1
1296,2731,Grado 3,Elevado,1
1297,2731,Grado 4,Muy elevado,1
1298,2732,Grado 0,Indetectable,1
1299,2732,Grado 1,Bajo,1
1300,2732,Grado 2,Moderado,1
1301,2732,Grado 3,Elevado,1
1302,2732,Grado 4,Muy elevado,1
1303,2733,Referencia:,NEGATIVO,1
1304,2734,Valor de referencia:,NEGATIVO,1
1313,2743,Valores Referencia:,"Hasta 5,0",1
1316,1725,De 9 a 15 años,"De 0,5 a 20,0",1
1317,1728,De 9a 15 años,"De 15,0 a 80,0",1
1318,2744,Valores de referencia:,De 40 a 300,1
1319,2745,Valores de referencia:,De 100 a 600,1
1327,2755,Valores de referencia:,De 125 a 500,1
1339,2765,Arterial:,"De 7,35 a 7,45",1
1340,2765,Venoso:,"De 7,33 a 7,43",1
1341,2766,Arterial:,De 22 a 26,1
1342,2766,Venoso:,De 23 a 27,1
1343,2767,Arterial:,De 35 a 45,1
1344,2767,Venoso:,De 38 a 50,1
1345,2768,Arterial:,De 80 a 100,1
1346,2768,Venoso:,De 30a 50,1
1347,2769,Arterial:,De 94 a 100,1
1348,2769,Venoso:,De 60 a 85,1
1349,2771,Valores de referencia:,"De 6,00 a 8,00",1
1355,2779,Valores de referencia:,Menor a 30,1
1358,2780,Valor recomendado,"Mayor a 20,0",1
1359,2781,Normal:,Menor a 30,1
1360,2781,Microalbuminuria:,De 30 a 300,1
1361,2781,Proteinuria:,Mayor a 300,1
1368,2782,Neonato:,De 1500 a 3500,1
1369,2782,Prepuber:,De 100 a 900,1
1370,2782,Hombre adulto:,De 350 a 5600,1
1371,2782,Mujer ciclante:,De 260 a 4600,1
1372,2782,Post-menopausica:,De 100 a 1900,1
1377,2784,Masculino adulto:,De 400 a 2600,1
1378,2784,Prepuber:,De 80 a 500,1
1379,2784,Femenino adulto:,De 400 a 4100,1
1380,2785,Valores de referencia,"Hasta 20,0",1
1381,2786,Valores de referencia:,Hasta 127,1
1382,2787,Valores de referencia:,"Hasta 8,0",1
1383,2788,Valores de referencia:,Hasta 70,1
1384,2789,Valores de referencia:,"Hasta 22,0",1
1395,2809,Valores de referencia,"De 6,10 a 7,90",1
1396,2810,Valores de referencia:,"De 3,50 a 5,00",1
1397,2811,Valores de referencia:,"De 2,60 a 3,70",1
1398,2812,Valores de referencia:,"De 0.09 a 0,30",1
1399,2813,Valores de referencia:,"De 0,48 a 1,08",1
1400,2814,Valores de referencia:,"De 0,50 a 0,90",1
1401,2815,Valores de referencia,"De 0,20 a 0,50",1
1402,2816,Valores de referencia:,"De 0,70 a 1,60",1
1403,2818,Valor de referencia:,"2,0 - 20,0",1
1404,2819,Hombre adulto:,De 120 a 480,1
1406,2081,Valores de referencia:,"Hasta 7,6",1
1409,2826,No reactivo:,"Menor a 0,9",1
1410,2826,Indeterminado:,"Entre 0,9 y 1,1",1
1411,2826,Reactivo:,"Mayor a 1,1",1
1413,2829,Valores de referencia,Entre 35 y 46,1
1414,2830,Valores de referencia,Entre 7 y 18,1
1415,2831,Valores de referencia,Entre 40 y 52,1
1416,2832,Valores de referencia,No observables,1
1417,2833,Valores de referencia:,"Entre 1,17 y 1,69",1
1418,2834,Nulo (nivel 0),"Menor a 0,1",1
1419,2834,Muy bajo,"De 0,1 a 0,34",1
1420,2834,Bajo (nivel 1),"De 0,35 a 0,69",1
1421,2834,Moderado (nivel 2),"De 0,70 a 3,49",1
1422,2834,Alto (nivel 3),"De 3,50 a 17,49",1
1423,2834,Muy alto (nivel 4),"De 17,50 a 52,49",1
1424,2834,Muy alto (nivel 5),"De 52,50 a 99,99",1
1425,2834,Muy alto (nivel 6),Mayores a 100,1
1426,2835,Clase 0,Ausencia de IgE especifica,1
1436,2837,Adultos:,280 a 360,1
1442,2841,Adultos:,De 20 a 40,1
1445,2843,Adultos:,De 20 a 40,1
1446,2846,Mujeres adultas:,"De 3, 0 a 7,4",1
1447,2846,Hombres adultos:,"De 2,3 a 5,4",1
1448,2847,Valores de referencia:,,1
1449,2848,No reactivo:,Menor a 20,1
1450,2848,Reactivo:,Mayor a 20,1
1451,2850,Valores de referencia:,De 73 a169,1
1452,2851,Valores de referencia:,Hombres: 66 a 133,1
1453,2852,1 año:,55-327,0
1454,2852,2 a 4 años:,50-289,0
1455,2852,5 a 6 años:,51-292,0
1456,2853,De 1 a 10 años:,De 49 a 452,1
1457,2853,De 11 a 20 años:,De 111 a 996,1
1458,2853,Adultos:,De 55 a 358,1
1459,2854,Hombres:,De 2 a 18,1
1460,2854,Mujeres:,De 3 a 29,1
1461,2621,,,1
1462,2855,Acostado:,De 10 a 160,1
1463,2855,De pie:,De 35 a 300,1
1464,2856,Valor de referencia :,"De 4,2 a 6,2",1
1465,2856,Ideal  :,"Menor a 8,5",1
1466,2856,Aceptable :,"De 8,5 a 9,5",1
1467,2856,Elevado :,"Mayor a 9,5",1
1469,2857,No reactivo:,"hasta a 7,5",1
1470,2857,Indeterminado:,"Entre 7,6  y 9,9",1
1471,2857,Reactivo:,Igual o  Mayor a 10,1
1475,2593,Hombre adulto:,"De 2,4 a 8,3",1
1476,2593,Mujer adulta:,"De 0,14 a 0,76",1
1478,2863,Valor de referencia:,"De 0,8 a 2,2",1
1479,2865,Negativo:,Menor a  6,1
1480,2865,Patológico:,Mayor a 20,1
1481,2867,Negativo:,Menor a  6,1
1486,2875,Negativo:,Menor a 10,1
1493,2878,Valores significativos:,"Mayor a 3,3",1
1494,2879,Valor de referencia:,NEGATIVO,1
1498,2889,Valor de Referencia:,Menor a 20,1
1500,2893,Valores de referencia,Hasta 14,1
1502,2897,Adultos:,Menor a  200,1
1503,2897,Niños:,Menor a 150,1
1505,2900,Adultos:,De 200 a 400,1
1509,2905,No Reactivo:,menor a  1/16 dils,1
1515,2914,No reactivo:,"Menor a 0,5",1
1516,2914,Reactivo:,"Mayor a 0,5",1
1517,2916,No reactivo:,Menor de 20,1
1518,2916,Reactivo:,Mayor o igual de 20,1
1519,2566,Positivo:,Mayor a 28,1
1520,2564,Positivo:,Mayor a 38,1
1529,2929,Negativo:,Hasta 60,1
1530,2931,Negativo:,Hasta 60,1
1540,2933,Negativo:,"Menor a 6,0",1
1546,2937,No reactivo:,"Menor a 0,5",1
1547,2937,Reactivo:,"Mayor a 0,5",1
1548,2938,Adultos:,"De 4,0 a 5,6",1
1549,2939,Valor de referencia:,Mayor a 60,1
1550,2940,Valor de referencia:,Menor a 1,1
1551,2940,Rango nefrótico:,"Mayor a 2,5",1
1553,2112,Positivo:,Mayor o Igual de 20,1
1555,2591,Positivo:,Mayor e igual que 10,1
1556,2945,,,1
1558,2949,Valores de referancia:,"De 0,90 a 1,50",1
1559,2950,Adultos:,De 10 a 65,1
1562,2030,Niños,De 30 a 350,1
1564,2954,Referencia:,"De 7,0 a 10,5 millones",1
1565,2955,Referencia:,De 37 a 45,1
1566,2956,Referencia:,De 12 a 17,1
1567,2957,Referencia:,De 42 a 50,1
1568,2958,Referencia:,De 13 a 19,1
1569,2959,Referencia:,De 32 a 38,1
1570,2965,Referencia:,"De 6,0 a 10,0 mil",1
1571,2979,Referencia:,De 75 a 115,1
1572,2687,Referencia:,de 20 a 40,1
1573,2980,Referencia:,"De 1,1 a 1,8",1
1574,2981,Referencia:,"De 5,8 a 7,0",1
1575,2982,Referencia:,"De 2,8 a 4,2",1
1576,2983,Referencia:,"De 1,8 a 3,8",1
1577,2985,Referencia:,"Hasta 0,7",1
1578,2986,Referencia:,"Hasta 2,6",1
1579,2987,Referencia:,"Hasta 3,5",1
1580,2988,Referencia:,Hasta 300,1
1581,2989,Referencia:,Hasta 300,1
1582,2990,Referencia:,Hasta 300,1
1583,2991,Referencia:,Hasta 13,1
1584,2992,Referencia:,Hasta 50,1
1585,2995,Mujeres premenopausicas:,De 25 a  573,1
1586,2995,Mujeres postmenopausicas:,De 104 a 1008,1
1587,2995,Hombres de 30 a 50 años:,De 16 a 584,1
1588,2995,Hombres de 51 a 70 años:,De 10 a 704,1
1589,2995,Hombres mayores a 70 años:,De 20 a 854,1
1590,2997,Hombres:,De 13 a 57,1
1591,2997,Mujeres:,De 18 a 144,1
1592,2998,Valores de referencia:,Hasta 90,1
1593,2999,Rango terapéutico:,"De 4,0 a 12,0",1
1594,3000,Rango terapéutico,De 3 a 35,1
1595,3001,,,1
1596,3004,Valores de referencia:,"82,0  a  95,0",1
1597,3005,Valores de referencia:,"27,0  a  32,0",1
1598,3006,Valores de referencia:,"32,0  a  36,0",1
1599,3007,Valores de referencia:,"De 11,5 a 14,5",1
1600,3008,Valores de referrencia:,De 150.000 a 350.000,1
1602,3010,Valores de referencia:,"De 7,00 a 11,00",1
1603,3011,Valores de referencia:,"De 14,0 a 17,0",1
1604,3032,,,1
1605,3035,Valores de referencia:,"82,0  a  95,0",1
1606,3036,Valores de referencia:,"27,0  a  32,0",1
1607,3037,Valores de referencia:,"32,0  a  36,0",1
1608,3038,Valores de referencia:,"De 11,5 a 14,5",1
1610,3040,Valores de referencia:,"De 7,00 a 11,00",1
1611,3041,Valores de referencia:,"De 14,0 a 17,0",1
1612,3056,Valores de referencia:,Menor a 100,1
1613,3057,Adulto femenino:,"De 2,4  a  5,7",1
1614,3057,Adulto masculino:,"De 3,4  a  7,0",1
1615,3058,Valores de referencia:,De 10  a  50,1
1620,3060,Valor de referencia:,Menor a 200,1
1626,3064,Optimo,Menor a 140,1
1627,3064,Aceptable,Menor a 170,1
1631,3065,Adultos:,"De 0,40 a 4,00",1
1632,3066,,,1
1633,3069,Valores de referencia:,"82,0  a  95,0",1
1634,3070,Valores de referencia:,"27,0  a  32,0",1
1635,3071,Valores de referencia:,"32,0  a  36,0",1
1636,3072,Valores de referencia:,"De 11,5 a 14,5",1
1637,3073,Valores de referencia:,"De 7,00 a 11,00",1
1638,3074,Valores de referencia:,"De 14,0 a 17,0",1
1639,3089,Valor de referencia:,Menor a 150,1
1640,3090,Hombres,hasta  38,1
1641,3090,Mujeres,Hasta 32,1
1642,3091,,"Hasta 1,20",1
1643,3092,,"Hasta 0,20",1
1644,3093,,"Hasta 1,00",1
1651,3097,Hombres:,De 30 a 70,1
1652,3097,Mujeres:,De 35 a 95,1
1653,3098,Hombres:,"Hasta 5,0",1
1654,3098,Mujeres:,"Hasta 4,5",1
1661,3103,Optimo:,Menor de 200,1
1662,3103,Aceptable:,Menor de 240,1
1663,3104,Hombres:,Mayor de 30,1
1664,3104,Mujeres:,Mayor de 35,1
1665,3105,Hombres:,"Menor de 5,00",1
1666,3105,Mujeres:,"Menor de 4,50",1
1667,3106,,,1
1668,3109,Valores de referencia:,"82,0  a  95,0",1
1669,3110,Valores de referencia:,"27,0  a  32,0",1
1670,3111,Valores de referencia:,"32,0  a  36,0",1
1674,3129,Optimo:,Menor de 200,1
1675,3129,Aceptable:,Menor de 240,1
1676,3130,Hombres:,Mayor de 30,1
1677,3130,Mujeres:,Mayor de 35,1
1678,3131,Hombres:,"Menor de 5,00",1
1679,3131,Mujeres:,"Menor de 4,50",1
1680,3132,Optimo:,Menor de 200,1
1681,3132,Aceptable:,Menor de 240,1
1682,3133,Hombres:,Mayor de 30,1
1683,3133,Mujeres:,Mayor de 35,1
1684,3134,Hombres:,"Menor de 5,00",1
1685,3134,Mujeres:,"Menor de 4,50",1
1686,3135,Hombres,"De 0,80 a 1,40",1
1687,3135,Mujeres,"De 0,70 a 1,20",1
1688,3135,Niños >12 años,"De 0,35 a 0,85",1
1689,3136,Valor de referencia :,,0
1693,3137,,"Hasta 1,20",1
1694,3138,,"Hasta 0,20",1
1695,3139,,"Hasta 1,00",1
1696,3143,Adultos:,De 68 a 300,1
1697,3143,Adolescentes y niños:,De 100 a 645,1
1698,3144,Hombres:,Hasta 41,1
1699,3144,Mujeres:,Hasta 31,1
1700,3145,Hombres:,Hasta 38,1
1701,3145,Mujeres:,Hasta 32,1
1702,3140,,"Hasta 0,20",1
1703,3141,,"Hasta 1,0",1
1704,3142,,"Hasta 1,20",1
1705,3146,Adultos:,De 68 a 300,1
1706,3146,Niños y adolescentes:,De 100 a 600,1
1707,3174,Optimo:,Menor de 200,1
1708,3174,Aceptable:,Menor de 240,1
1709,3175,Hombres:,Mayor de 30,1
1710,3175,Mujeres:,Mayor de 35,1
1711,3176,Hombres:,"Menor de 5,00",1
1712,3176,Mujeres:,"Menor de 4,50",1
1713,3177,Mujeres Fase Folicular:,"De 0,1 a 0,8",1
1714,3177,Mujeres Fase lutea:,"De 0,6 a 2,3",1
1715,3177,Mujeres Postmenospausia,"De 0,1 a 0,6",1
1716,3177,Hombre Adulto:,"De 0,5 a 2,1",1
1718,3178,Hombre adulto:,"De 0,6 a 3,1",1
1720,3178,Mujer adulta:,"De 0,3 a 3,3",1
1721,3178,Postmenopausia:,"0,3 a 1,0",1
1722,3178,Prepúberes:,"0,3 a 1,0",1
1724,3179,Prepúberes:,Hasta 61,1
1725,3179,Hombre adulto:,De 80 a 560,1
1726,3179,Mujer adulta:,De 35 a 430,1
1729,3177,De 1 a 3 meses:,"Hasta 13,7",1
1730,3177,Prepúberes:,"Hasta 1,7",1
1738,3187,Negativo:,Hasta 35,1
1739,3188,Negativo:,Hasta 60,1
1740,3189,Hombre Adulto:,"De 0,28 a 1,22",1
1741,3189,Mujer Fase folicular,"De 0,15 a 1,40",1
1742,3189,Mujer Fase lutea:,"De 3,35 a 25,56",1
1743,3189,Post-menopausia:,"Hasta 0,73",1
1744,3207,Valores de referencia:,Hasta 125,1
1750,3215,Adultos:,"8,50 a 10,50",1
1752,3216,Adultos:,"De 2,50 a 5,60",1
1754,3218,Negativo:,Menor a 5 Unidades,0
1755,3218,Positivo:,Mayor a 5 Unidades,0
1757,3219,Valores de referencia:,De 90 a 180,1
1758,3220,Valores de referencia:,De 10 a 40,1
1761,3221,Negativo,Menor de 20,1
1762,3221,Indeterminado,20 a 25,1
1763,3221,Positivo,Igual o mayor de 25,1
1764,3222,Valor de Referencia,Negativo,1
1765,3222,Dilución de corte,1/80,1
1767,3227,Valor de referencia:,12 a 15,1
1768,3228,Valor de referencia:,100,1
1769,3229,Valor de referencia:,De 33 a 46,1
1770,3230,Valor de referencia:,De 150.000 a 400.000,1
1771,3231,Valor de referencia:,13 a 15,1
1772,3232,Valor de referencia:,100,1
1773,3233,Valor de referencia:,De 33 a 46,1
1774,3234,Valor de referencia:,De 150.000 a 400.000,1
1790,3262,Normal:,hasta 12,1
1791,3263,Normal:,hasta 4,1
1792,3264,Normal:,hasta 10,1
1793,3265,Normal:,hasta 100,1
1794,3266,,,0
1795,3266,,,0
1796,3267,Normal:,hasta 150,1
1797,3269,Valores de referencia,"De 6,00 a 8,00",1
1798,3270,Valores de referencia:,"De 3,39 a 4,63",1
1800,3272,Valores de referencia:,"De 0,28 a 0,44",1
1801,3273,Valores de referencia:,"De 0,50 a 0,95",1
1802,3274,Valores de referencia:,"De 0,32 a 0,54",1
1803,3275,Valores de referencia,"De 0,20 a 0,46",1
1804,3276,Valores de referencia:,"De 0,61 a 1,66",1
1806,3278,Adultos:,70 a 400,1
1815,3279,Adultos:,710 a 1520,1
1817,3279,Niños de 3 a 4 años:,423 a 1187,1
1825,3279,Niños de 5 a 7 años:,608 a 1229,1
1826,3280,Adultos:," 40 a  230",1
1827,3281,Clase 0:,Ausencia,1
1828,3281,Clase 1:,Bajo,1
1829,3281,Clase 2:,Moderado,1
1830,3281,Clase 3:,Alto,1
1831,3281,Clase 4:,Muy alto,1
1833,3282,Clase 0:,Ausencia,1
1834,3282,Clase 1:,Bajo,1
1835,3282,Clase 2:,Moderado,1
1836,3282,Clase 3:,Alto,1
1837,3282,Clase 4:,Muy alto,1
1839,3283,Clase 0:,Ausencia,1
1840,3283,Clase 1:,Bajo,0
1841,3283,Clase 2:,Moderado,0
1842,3283,Clase 3:,Alto,0
1843,3283,Clase 4:,Muy alto,0
1844,3284,Clase 0:,Ausencia,1
1845,3284,Clase1:,Bajo,0
1846,3284,Clase 2:,Moderado,0
1847,3284,Clase 3:,Alto,0
1848,3284,Clase 4:,Muy alto,0
1849,3285,Clase 0:,Ausencia,1
1850,3285,Clase 1:,Bajo,0
1851,3285,Clase 2:,Moderado,0
1852,3285,Clase 3:,Alto,0
1853,3285,Clase 4:,Muy alto,0
1854,3286,Clase 0:,Ausencia,1
1855,3287,Valores de referencia,"De 6,00 a 8,00",1
1856,3288,Valores de referencia:,"De 3,39 a 4,63",1
1857,3289,Valores de referencia:,"De 0,18 a 0,44",1
1858,3290,Valores de referencia:,"De 0,50 a 0,95",1
1859,3291,Valores de referencia:,"De 0,32 a 0,54",1
1860,3292,Valores de referencia,"De 0,20 a 0,46",1
1861,3293,Valores de referencia:,"De 0,61 a 1,66",1
1862,3286,Clase 1:,Bajo,1
1863,3286,Clase 2:,Moderado,1
1864,3286,Clase 3:,Alto,1
1865,3286,Clase 4:,Muy alto,1
1866,3296,Valores de referencia:,"De 6,00 a 8,00",1
1867,3297,Valor de referencia:,"De 3,80 a 4,80",1
1868,3298,Negativo,Menor a 100,1
1870,3299,Valor de Referencia:,Negativo,1
1871,3299,Dilución de corte:,1/80,1
1872,3301,Valores de referencia:,"De 7,0 a 30,0",1
1873,1685,,,1
1874,3302,Resultado,Menor a 200,1
1875,3303,Resultado,,1
1876,3308,Hombres:,De 30 a 70,1
1877,3308,Mujeres:,De 35 a 95,1
1878,3310,Riesgo Bajo:,Hasta 140,1
1879,3310,Riesgo moderado:,De 140 a 190,1
1880,3310,Riesgo Alto:,Mayor a 190,1
1881,3312,Hombres:,"Hasta 4,95",1
1882,3312,Mujeres:,"Hasta 4,44",1
1883,3314,Valor de referencia:,Hasta 160,1
1884,3316,Hombres:,De 30 a 70,1
1885,3316,Mujeres:,De 35 a 95,1
1886,3317,Riesgo Bajo:,Hasta 140,1
1887,3317,Riesgo moderado:,De 140 a 190,1
1888,3317,Riesgo Alto:,Mayor a 190,1
1889,3318,Hombres:,"Hasta 4,95",1
1890,3318,Mujeres:,"Hasta 4,44",1
1891,3319,Valor de referencia:,Hasta 160,1
1892,3321,Hombres:,De 30 a 70,1
1893,3321,Mujeres:,De 35 a 95,1
1894,3322,Riesgo Bajo:,Hasta 140,1
1895,3322,Riesgo moderado:,De 140 a 190,1
1896,3322,Riesgo Alto:,Mayor a 190,1
1897,3323,Hombres:,"Hasta 4,95",1
1898,3323,Mujeres:,"Hasta 4,44",1
1899,3324,Valor de referencia:,Hasta 160,1
1900,3325,Valores de referencia,"Menor o igual a 3,00",1
1901,3326,Valores de referencia,"Menor o igual a 3,00",1
1902,3327,Valores de referencia:,"De 6,10 a 7,90",1
1903,3328,Valor de referrencia:,"De 3,5 a 4,9",1
1904,3329,Valor de referencia:,"De 2,60 a 3,0",1
1905,3330,Valor de referencia:,"De 1,20 a 2,20",1
1907,3331,Valor de referencia,"Menor a 4,00",1
1914,3338,Normal:,Hasta 10,1
1915,3339,Normal:,"Hasta 2,5",1
1916,3340,Deficiencia:,Menor de 60 U,1
1917,3341,Normal:,Hasta 32,1
1918,3342,Deficiencia:,< 10% Actividad,0
1919,3342,Dudoso:,10-50 % Actividad,0
1920,3343,Normal:,Hasta 150,1
1922,3346,Para PSA total entre 0 y 4,Mayor o igual al 10% del PSA total,1
1923,3346,Para PSA total entre 4 y 10,Mdel PSA totalayor o igual al 26 %,1
1924,3349,Negativo:,"Hasta 13,8",1
1925,3350,PSA total entre 0 y 4,Mayor al 10% del PSAt,1
1926,3350,PSA total entre 4 y 10,Mayor al 26% del PSAt,1
1927,3350,,,1
1928,3351,Resultado,"Hasta 4,00",1
1929,3353,,,0
1930,3353,,,0
1931,3352,PSA entre 0 y 4,Mayor al 10% PSAt,0
1932,3352,PSA ente 4 y 10,Mayor al 26% PSAt,0
1933,3357,Clase 0:,Ausencia IgE.,1
1935,3358,Clase 0:,Ausencia IgE.,1
1936,3359,Adultos,"De 0,60 a 1,81",1
1941,3360,Valores de refencia:,"Hasta 20,0",1
1942,3362,Hombres:,Mayor de 30,1
1943,3362,Mujeres:,Mayor de 35,1
1944,3363,Hombres:,"Menor de 5,00",1
1945,3363,Mujeres:,"Menor de 4,50",1
1946,1875,Dilución de corte:,1/5,1
1947,1876,Dilución de corte:,1/5,1
1948,3372,Negativo:,Menor a 12 UI/ml,1
1949,3373,Negativo:,Menor a 12 UI/ml,1
1950,3377,Adultos normopeso,"De 2 a 14,5",1
1951,3378,Negativo:,Hasta 60,1
1952,3380,Hombres:,De 30 a 70,1
1953,3380,Mujeres:,De 35 a 95,1
1957,187,Diagnostico de Embarazo:,,0
1958,187,Negativo:,Hasta 5,1
1959,187,Dudoso:,de 5 a 25,1
1960,187,Positivo:,Mayor de 25,1
1961,187,Mujer embarazada:,,0
1962,187,Semanas:,Valores esperados:,0
1963,2434,Dieta baja en Calcio,De 50 a 150,1
1964,2434,Dieta promedio,De 100 a 300,1
1965,1720,Fórmula de Vermeulen,,0
1966,1720,Hombre adulto:,De 50 a 220,1
1967,1720,Mujer adulta:,"de 2,0 a 8,5",1
1968,3395,Negativo:,Menor a 12 UI/ml,1
1969,1869,Dilución de corte:,1/400,1
1970,1806,Dilución de corte:,1/20,1
1971,1809,Valor de referencia:,NEGATIVO,1
1972,1809,Dilución de corte:,1/400,1
1973,3396,Negativo:,Menor a 12,1
1974,1459,Valor de referencia:,Hasta 10,1
1975,1460,Valor de referencia:,"Hasta 2,5",1
1976,1461,Valor de referencia:,Hasta 10,1
1977,1462,Valor de referencia:,Hasta 150,1
1978,1463,Deficiencia:,Menor 10% Actividad,1
1979,1463,Dudoso:,10-50% Actividad,1
1980,1463,Normal:,Mayor 50% Actividad,1
1981,2500,Referencia,5.500.000 a  8.500.000,1
1982,2501,Referencia:,37 a 55,1
1983,2502,Referencia:,12 a 18,1
1984,2503,Referencia:,60 a 75,1
1985,2504,Referencia:,"19,5 a 24,5",1
1986,2505,Referencia,32 a 38,1
1987,2511,Referencia,6.000 a 17.000,0
1988,2512,Referencia,,0
1989,2511,,,0
1990,3398,No Reactivo:,"menor de 0,83",1
1991,3398,Indeterminado:,"entre 0,83 a 1,00",1
1992,3398,Reactivo:,"igual o mayor a 1,00",1
1993,3402,Valores de Referencia:,Negativo,1
1994,3402,Dilución de corte:,1/5,1
1995,2819,Mujer adulta:,De 5 a 19,1
1996,3404,Hombres:,90 a 140,1
1997,3404,Mujeres:,70 a 110,1
1998,3406,,"Hasta 1,20",1
2001,1690,Niños: hasta 2 semanas,63 a 201,1
2002,1690,"           hasta 6 meses:",28 a 135,1
2003,1690,"           de 6-12 meses:",35 a 115,1
2004,1690,"           de 1-12 años:",22 a 135,1
2005,3410,Hombre adulto:,De 20 a 320,1
2006,3410,Mujer adulta:,De 10 a 280,1
2011,3413,No reactivo:,"Menor a 0,50",1
2012,3413,Indeterminado:," entre 0,50 - 0,99",1
2013,3413,Reactivo:,"Mayor o igual a 1,00",1
2014,2053,Valor de referencia:,Menor a 100,1
2015,2057,Valor de referencia,Menor a 140,1
2016,192,No reactivo,"Menor a 0,05 UI/ml",1
2017,192,Reactivo,"Mayor a 0,05 UI/ml",1
2019,3416,Referencia:,NEGATIVO,1
2020,3417,Valor de referencia:,NEGATIVO,1
2021,3136,Metabolismo sano:,,1
2022,3136,Mayor riesgo a complicaciones crónicas,,1
2023,3418,Valor de referencia :,,0
2024,3418,Metabolismo sano:,"4,8 a 5,9  %",1
2025,3418,Mayor riesgo a,,1
2026,3418,complicaciones crónicas,Mayor a 7  %,1
2027,2557,Negativo:,menor a 10,1
2029,2557,Positivo:,mayor o igual a 20,1
2030,2555,Negativo:,Menor a 7,1
2033,2925,Negativo:,menor de 16,1
2034,2925,Indeterminado.,entre 16-24,1
2035,2925,Positivo:,mayor de 24,1
2036,2927,Negativo:,menor de 16,1
2037,2927,Indeterminado:,entre 16-24,1
2038,2927,Positivo:,Mayor de 24,1
2039,3419,Adultos:,entre 70-140,1
2040,3420,Negativo:,mayor a 1.8,1
2041,3420,Positivo:,menor o igual a 1.8,1
2042,3422,Adultos:,entre 50-150,1
2049,106,Femeninos:,2 a 10,1
2050,3280,Niños de 3 años:,45 a 190,0
2051,3278,Niños de 3 a 4 años:,22 a 157,1
2053,3278,Niños de 5 a 7 años:,33 a 200,1
2054,3280,Niños de 4 años:,41 a 486,0
2055,3280,Niños de 5 a 7 años:,46 a 157,0
2056,3442,Semanas:,Mediana:,1
2057,3442,10,65.92,1
2058,3442,11,52.90,1
2059,3442,12,42.45,1
2060,3442,13,34.07,1
2061,3442,14,26.50,1
2062,3443,Semanas:,Mediana:,0
2063,3443,9,0.60,1
2064,3443,10,0.86,1
2065,3443,11,1.30,1
2066,3443,12,2.30,1
2067,3443,13,3.73,1
2068,3443,14,4.98,1
2071,3446,No reactivo:,"Menor a 0,75",1
2072,3446,Indeterminado:,"0,75 a 0,99",1
2073,3446,Reactivo:,"Mayor o igual a 1,00",1
2074,1262,Positivo:,Igual o mayor a 1/8,1
2075,3448,Negativo:,Menor a 5,1
2076,3448,Positivo:,Mayor a 5,1
2077,3210,NEGATIVO:,Menor a 6 mg/l,1
2078,2448,Positivo:,"mayor o igual a 6,0",1
2079,1785,Indeterminado:,"de 5 a 9,9",1
2080,1785,Positivo:,"igual o mayor a 10,0",1
2081,3449,No reactivo:,"Menor a  0,80",1
2082,3449,Indeterminado:," Desde 0,80 hasta 0,99",1
2083,3449,Reactivo:,"Igual o mayor a 1,00",1
2084,3450,Negativo,"Menor de 1,6",1
2085,3450,Indeterminado:,"De 1,6 a 2,9",1
2086,3450,Positivo,"Igual o mayor a 3,0",1
2087,3451,,,1
2088,3452,No reactivo,"Menor a 1,00",1
2089,3452,Reactivo,"Mayor a 1,00",1
2090,3453,Mujeres:,"0,20 - 5,00",1
2091,3453,Menopausia:,"menor 0,14",1
2092,3454,No Reactivo:,"menor de 0,50",1
2093,3454,Indeterminado:,"entre 0,50 a 0,59",1
2094,3454,Reactivo:,"Igual o mayor a 0,60",1
2095,2450,Indeterminado:,"entre 0,85 a 0,99",1
2096,2450,Positivo:,"mayor o igual a 1,00",1
2097,2033,Negativo:,Menor de 150,1
2098,2033,Positivo:,Mayor o igual de 150,1
2099,2852,7 a 9 años:,64-345,0
2100,2852,10 años:,88-452,0
2101,2852,11 años:,111-551,0
2102,2852,12 años:,143-693,0
2103,2852,13 años:,183-850,0
2104,2852,14 a 15 años:,220-996,0
2105,2852,16 a 17 años:,193-903,0
2106,2852,18 a 19 años:,141-584,0
2107,2852,20 años:,127-424,1
2108,2852,21 a 30 años:,116-358,1
2109,2852,31 a 40 años:,109-307,1
2110,2852,41 a 50 años:,94-267,1
2111,2852,51 a 60 años:,81-230,0
2112,2852,Mas de 60 años:,55-220,0
2113,3377,Prepúberes:,"Hasta 15,0",1
2114,3214,,,0
2115,3455,Referencia:,NEGATIVO,1
2116,3456,Referencia:,NEGATIVO,1
2117,3457,Referencia:,NEGATIVO,1
2118,3458,Referencia:,NEGATIVO,1
2119,3459,Valores de refencia:,"Hasta 30,0",1
2120,3212,Valor de referencia:,Menor de 20,1
2121,3210,POSITIVO:,Mayor a 12 mg/l,1
2122,3461,NEGATIVO:,Menor a 6 mg/l,1
2123,3461,POSITIVO:,Mayor a 12 mg/l,1
2124,3465,Valor de referencia:,Mayor de 90,1
2125,3466,Adultos:,160 a 280,1
2126,3467,Adultos:,20 a 55,1
2127,3468,Valores de referencia:,10 a 50,1
2128,3470,Valores de referencia:,40 a 70,1
2129,3473,No reactivo:,"Menor a 1,00",1
2130,3473,Reactivo:,"Mayor a 1,00",1
2131,3478,Adultos,De 20 a 40,1
2132,3479,Valor de referencia:,75 a 125,1
2133,3480,Masculino:,60 - 140,1
2134,3480,Femenino:,50 - 130,1
2135,3483,Valore de referencia:,Negativo,1
2136,3484,,Negativo,1
2137,3485,Deseable:,Hasta 200,1
2138,3485,Moderadamente alto:,de 201 a 239,1
2139,3486,Hombres:,De 30 a 70,1
2140,3486,Mujeres:,De 35 a 95,1
2141,3485,Alto:,Mayor de 240,1
2142,3487,Riesgo Bajo:,Hasta 140,1
2143,3487,Riesgo Moderado:,De 140 a 190,1
2144,3487,Riesgo Alto:,Mayor a 190,1
2145,3488,Hombres:,"Hasta 4,95",1
2146,3488,Mujeres:,"Hasta 4,44",1
2147,3489,Valor de referencia:,Hasta 200,1
2148,3490,,"Hasta 0,20",1
2149,3491,,"Hasta 1,0",1
2150,3492,,"Hasta 1,20",1
2157,3499,Hombres:,Hasta 37,1
2158,3499,Mujeres:,Hasta 31,1
2159,3500,Hombres:,Hasta 37,1
2160,3500,Mujeres:,Hasta 31,1
2161,3501,Niños y Adolescentes:,De 100 a 600,1
2162,3501,Adultos:,De 68 a 240,1
2163,3541,Valor de referencia:,NEGATIVO,1
2164,3541,Valor de corte:,1/16,1
2165,3549,Valor de referencia:,Negativo,1
2166,3551,Interpretación:,,1
2167,3551,,Positivo debil: +,1
2168,3551,,Positivo moderado: ++,1
2169,3551,,Positivo fuerte: +++,1
2170,2942,Valor de referencia:,Negativo,1
2171,3553,Valor de referencia:,Negativo,1
2172,3558,Negativo:,Menor de 20,1
2173,3558,Positivo débil:,de 20 a 39,1
2174,3558,Positivo moderado:,de 40 a 59,1
2175,3558,Positivo fuerte:,Mayor o igual a 60,1
2176,3563,Negativo:,Menor a  6,1
2177,3568,Negativo:,"menor a 5,0",1
2178,3568,Positivo:,"Mayor o igual a 5,0",1
2179,3569,Negativo:,"Menor a 5,0",1
2180,3569,Positivo:,"Mayor o igual a 5,0",1
2181,3604,Valores de referencia:,Hasta 4.000.000,1
2182,3605,Valores de referencia:,Hasta 1.800.000,1
2183,3606,Valores de referencia:,Hasta 2.000.000,1
2184,3607,Valores de referencia:,Hasta 20.000,1
2185,3614,Valor de referencia:,Hasta 200,1
2186,3615,Normotenso:,30 a 100,1
2187,3615,Hipertenso:,30 a 120,1
2188,3616,Normotenso:,30 a 400,1
2189,3616,Hipertenso:,30 a 700,1
2191,3617,Negativo:,"Menor de 0,75",1
2192,3617,Indeterminado:,"De 0,76 a 1,00",1
2193,3617,Positivo:,"Mayor a 1,0",1
2194,3601,,,0
2196,3631,Valor de referencia :,"De 4,0 a 5,9",0
2200,3637,Adultos:,"De 2,30 a 4,20",1
2204,3342,Normal:,> 50 % Actividad,1
2207,3638,Normal:,Hasta 10 uU/ml.,1
2208,3639,Normal:,"Hasta 2,5 mg/dl",1
2209,3640,Valor de Referencia:,"Hasta 8,0 ng/ml.",1
2210,3641,Valor de referencia:,Hasta 23 nmol/L de sg.,1
2211,3642,Deficiencia:,Menor de 60 U,0
2213,3642,Normal:,Mayor o igual de 60 U,1
2214,3643,Valor de referencia:,Hasta 70 ng/ml.,1
2215,3645,Normal:,Hasta 10 uU/ml.,1
2216,3646,Normal:,"Hasta 2,5 mg/dl",1
2217,3647,Valor de Referencia:,"Hasta 8,0 ng/ml.",1
2218,3648,Valor de referencia:,Hasta 23 nmol/L de sg.,1
2219,3649,Deficiencia:,Menor de 60 U,0
2220,3649,Normal:,Mayor o igual de 60 U,1
2221,3650,Valor de referencia:,Hasta 70 ng/ml.,1
2222,3652,Normal:,Hasta 9 uU/ml.,1
2223,3653,Normal:,"Hasta 2,5 mg/dl",1
2224,3654,Valor de Referencia:,"Hasta 8,0 ng/ml.",1
2225,3655,Valor de referencia:,Hasta 23 nmol/L de sg.,1
2226,3656,Deficiencia:,Menor de 60 U,0
2227,3656,Normal:,Mayor o igual de 60 U,1
2228,3657,Valor de referencia:,Hasta 70 ng/ml.,1
2229,3660,,,1
2230,3663,Valores de referencia:,"82,0  a  95,0",1
2231,3664,Valores de referencia:,"27,0  a  32,0",1
2232,3665,Valores de referencia:,"32,0  a  36,0",1
2246,3698,Valores de referencia:,10 a 58,1
2247,3699,Valores de referencia:,"0,3 a 1,4",1
2248,3700,Valores de referencia:,"< 0,30",1
2249,3701,Valores de referencia:,"< 0,70",1
2250,3702,Valores de referencia:,"0,1 a 1,0",1
2251,3703,Cachorros:,75 a 450,1
2252,3703,Adultos:,25 a 190,1
2253,3704,Valores de referencia:,10 a 60,1
2254,3705,Valores de referencia:,10 a 65,1
2255,3706,Valores de referencia:,"< 0,30",1
2256,3707,Valores de referencia:,"< 0,70",1
2257,3708,Valores de referencia:,"0,1 a 1,0",1
2258,3709,Cachorros:,75 a 450,1
2259,3709,Adultos:,25 a 190,1
2260,3710,Valores de referencia:,10 a 60,1
2261,3711,Valores de referencia:,10 a 65,1
2262,3712,Valores de referencia:,"5,50 a 8,50 mill",1
2263,3713,Valores de referencia:,37 a 55,1
2264,3714,Valores de referencia:,12 a 18,1
2265,3715,Valores de referencia:,60 a 77,1
2266,3716,Valores de referencia:,"19,5 a 24,5",1
2267,3717,Valores de referencia:,33 a 36,1
2268,3718,Valores de referencia:,6.000 a 17.000,1
2269,3719,Valores de referencia:,0 - 1,1
2270,3720,Valores de referencia:,60 - 70,1
2271,3721,Valores de referencia:,2 - 10,1
2272,3722,Valores de referencia:,0 - 1,1
2273,3723,Valores de referencia:,12 - 30,1
2274,3724,Valores de referencia:,3 - 10,1
2288,3741,Valores de referencia:,De 250 a 750,1
2289,2722,Dilución de corte:,1/40,1
2290,2720,Dilución de corte:,1/40,1
2291,3375,Valores de Referencia:,Negativo,1
2292,3375,Dilución de corte:,1/5,1
2293,3744,Valores de referencia:,"Hasta 13,3",1
2294,3745,Valor de referencia,Negativo,1
2295,3745,Sensibilidad del método:,100 ng/L,1
2296,2060,Reactivo:,"Mayor o igual a 1,0",1
2297,3758,Valores normales:,50 a 1300,1
2298,2944,,,1
2299,3759,Valor de referencia:,"Hasta 0,50",1
2300,3774,,,0
2301,2673,Daño Musculo esqueletico,Menor al 6,1
2302,2673,Daño Musculo cardiaco,Mayor al 20,1
2306,3781,Valor de referencia:,Negativo,1
2307,3782,Adultos:,Hasta 8,1
2308,3782,Recien Nacidos:,Hasta 12,1
2309,3783,No reactivo:,"Menor o igual a 0,99",1
2310,3783,Reactivo:,"Mayor o igual a 1,00",1
2311,3784,No reactivo:,"Menor de  0,80",1
2312,3784,Indeterminado:," Desde 0,80 hasta 0,99",1
2313,3784,Reactivo:,"Igual o mayor a 1,00",1
2314,3786,No reactivo:,"Menor a 1,00",1
2316,3787,No reactivo:,"Menor de 1,00",1
2317,3787,Reactivo:,"Igual o mayor de 1,00",1
2318,3788,Valor de referencia:,Negativo,1
2319,3789,Valor de referencia:,Negativo,1
2320,3790,Negativo:,Menor a 20,1
2321,3790,Positivo:,Mayor a 20,1
2322,3791,Valor de referencia:,No reactivo,1
2323,3792,Ausencia:,> 60,1
2324,3792,Dudoso:,30 - 60,1
2325,3792,Presencia:,< 30,1
2326,2006,Valores de referencia:,40 a 220,1
2327,3793,Negativo:,Menor a 20,1
2328,3793,Positivo:,Mayor a 20,1
2329,3795,Valores de referencia:,de 75 a 125,1
2338,3799,No reactivo:,"Menor de  0,80",1
2339,3799,Indeterminado:," Desde 0,80 hasta 0,99",1
2340,3799,Reactivo:,"Igual o mayor a 1,00",1
2341,3800,Hombre adulto:,"2,1 a 17,7",1
2342,3800,Mujer adulta:,"2,8 a 29,2",1
2343,3802,Ausencia:,> 60,1
2344,3802,Dudoso:,30 a 60,1
2345,3802,Presencia:,< 30,1
2346,3803,Valor de referencia:,menor a 100,1
2347,3804,Niños - Hombre:,5500 a 13400,1
2348,3804,Mujeres >40 años:,5500 a 13400,1
2349,3804,Mujeres 16 a 39 años,4400 a 11700,1
2350,3804,no emb no ACO,,0
2351,3804,Mujeres 18 a 41 años,3800 a 9500,1
2352,3804,emb o ACO,,0
2353,3661,"0,96",,1
2355,2582,En orina ocasional:,Hasta 25,1
2356,3806,En orina ocasional:,Hasta 25,1
2357,3807,Valor de referencia:,Menor a  10,1
2358,3810,Hombres:,"Hasta 1,0",1
2359,3810,Mujeres:,"Hasta 10,0",1
2360,3810,1 año:,"Hasta 15,0",1
2361,3810,Mayores de 1 año:,"Hasta 10,0",1
2362,3814,Negativo:,Menor de 9,1
2363,3814,Indetermiando:,de 9 - 11,1
2364,3814,Positivo:,Mayor o igual a 11,1
2365,3815,Negativo:,"Menor de 0,9",1
2366,3815,Indeterminado:,"de 0,9 a 1,0",1
2367,3815,Positivo:,"Mayor o igual a 1,1",1
2368,3825,Valor de referencia:,60 % de Glucemia.,0
2369,3826,Adultos:,15-45,1
2370,3842,Valor de referencia:,"1,5 a 6,8",1
2371,3848,Valor de referencia:,15 mill. A 213 mill,1
2372,3849,Valor de referencia:,39 mill. A 802 mill.,1
2373,3850,Valor de referencia:,40 a 78,1
2374,3851,Valor de referencia:,58 a 91,1
2375,3853,Valor de referencia:,Mayor a 10 mill.,1
2376,3858,Valor de referencia:,32 a 72,1
2377,3847,Valor de referencia:,"7,2 a 8,0",1
2378,3866,Adultos:,"Hasta 1,20",1
2379,3867,Adultos:,"Hasta 0,20",1
2380,3868,Adultos:,"Hasta 1,0",1
2381,3864,Valor de referencia:,Menor a 1.000.000,1
2382,3872,Valor de referencia,NEGATIVO,1
2385,3873,Valor de referencia:,NEGATIVO,1
2388,3874,Adultos:,De 250 a 400,1
2392,3878,Valor normal:,20 - 55,1
2393,3872,Valor de corte,1/160,1
2394,3873,Valor de corte:,1/160,1
2395,3879,1-2 años:,"0,7 a 3,9",1
2396,3879,3-4 años:,"0,9 a 4,7",1
2397,3879,5-6 años:,"1,1 a 5,6",1
2398,3879,7-8 años:,"1,4 a 6,5",1
2399,3879,9-10 años:,"1,8 a 7,7",1
2400,3879,11-12 años:,"2,4 a 8,9",1
2401,3879,13-14 años:,"3,1 a 10,0",1
2402,3879,15-16 años:,"3,5 a 9,5",1
2403,3879,17-18 años:,"3,2 a 7,9",1
2404,3879,21-50 años:,"3,3 a 7,8",1
2405,3879,51-85 años:,"2,2 a 6,8",1
2406,3881,3 a 6 años:,"1,4 a 4,3",1
2407,3881,6 a 10 años:,"2,1 a 4,7",1
2408,3881,10 a 16 años:,"2,4 a 8,7",1
2409,3881,Adultos:,"1,4 a 8,8",1
2410,3883,Valor de referencia:,70 a 120,1
2411,3884,Recien Nacidos:,"1,25 a 3,0",1
2412,3884,Adultos:,"2,0 a 4,0",1
2413,3885,Valor de referencia:,Menor de 10,1
2414,3886,Arterial:,"De 7,35 a 7,45",1
2415,3886,Venoso:,"De 7,33 a 7,43",1
2424,3894,Arterial:,de 35 a 45,1
2425,3894,Venoso:,de 38 a 50,1
2426,3895,Arterial:,de 80 a 100,1
2427,3895,Venoso:,de 30 a 50,1
2428,3896,Arterial:,de 22 a 26,1
2429,3896,Venoso:,de 23 a 27,1
2430,3897,Valores normales:,de -2 a +2,1
2431,3898,Arterial:,de 94 a 100,1
2432,3898,Venoso:,de 60 a 85,1
2433,3900,Valores de referencia:,50 - 150,1
2435,3902,No expuestos:,,0
2436,3917,,,0
2437,3921,Intervalo de referencia,< 250,1
2438,3921,TVP/embolia pulmonar,< 500,1
2439,3922,Negativo:,Menor a 10 JDF,1
2440,3923,Valor de referencia:,Negativo,1
2441,3924,Negativo:,"Hasta 17,0",1
2442,3927,,,1
2443,3928,"0,96",,1
2444,3930,Valores de referencia:,"82,0  a  95,0",1
2445,3931,Valores de referencia:,"27,0  a  32,0",1
2446,3932,Valores de referencia:,"32,0  a  36,0",1
2447,3948,Valores de referencia:,150.000 a 400.000,1
2448,3949,Hombres:,109 - 352,1
2449,3949,Mujeres:,5 - 200,0
2450,3949,Fase folicular:,62 - 158,1
2451,3949,Postmenopausia,< 5,1
2452,3950,40,"14,3",1
2453,3951,"0,96",,1
2454,3953,Valores de referencia:,"82,0  a  95,0",1
2455,3954,Valores de referencia:,"27,0  a  32,0",1
2456,3955,Valores de referencia:,"32,0  a  36,0",1
2457,3971,Valores de referencia:,150.000 a 400.000,1
2458,3972,Clase 0:,Ausencia,1
2459,3973,Clase 0:,Ausencia,1
2460,3974,Clase 0:,Ausencia,1
2461,2730,Clase 0:,Ausencia,1
2462,3975,Clase 0:,Ausencia,1
2463,3976,Clase 0:,Ausencia,1
2464,3977,Clase 0:,Ausencia,1
2465,3978,Clase 0:,Ausencia,1
2466,3979,Clase 0:,Ausencia,1
2467,3980,Clase 0:,Ausencia,1
2468,3981,Clase 0:,Ausencia,1
2469,3982,Clase 0:,Ausencia,1
2470,3983,Clase 0 :,Ausencia,1
2471,3984,Clase 0:,Ausencia,1
2472,3985,Clase 0:,Ausencia,1
2473,3986,Clase 0:,Ausencia,1
2474,3987,Clase 0:,Ausencia,1
2475,3988,Valores de referencia:,De 5.320 a 12920,1
2477,3989,Valor de referencia:,De 50 a 100,1
2478,3990,Valor de referencia :,"Menor a 5,7",1
2479,3904,,,1
2480,3991,Adultos:,de 65 a 400,1
2481,3999,Adultos normales,Hasta 77,1
2482,3999,Pac. Tiroidectomizados,Hasta 1,1
2483,3743,No reactivo:,"Hasta 0,90",1
2484,3743,Indeterminado:,"de 0,90 a 1,10",1
2485,3743,Reactivo:,"Mayor a 1,10",1
2486,4000,Valor de referencia:,Hasta 6.0,1
2487,4001,Clase 0:,Ausencia,1
2488,4002,Clase 0:,Ausencia,1
2489,4003,Valor de referencia:,No Detectable,1
2490,4007,valores de referencia:,"Hasta 1,75",1
2491,4008,No reactivo:,"Hasta 0,90",1
2492,4008,Indeterminado:,"De 0,90 a 1,10",1
2493,4008,Reactivo:,"Mayor de 1,10",1
2494,4011,Negativo:,No se observan BAAR.,1
2495,4011,Positivo + (una),0 a 1 BAAR/100 c,1
2496,4011,"             ++ (dos)",1 a 10 BAAR/50 c,1
2497,4011,"             +++ (tres)",> de 10 BAAR/50 c,1
2498,4012,Negativo:,No se observan BAAR.,1
2499,4012,Positivo + (una),0 a 1 BAAR/100 c,1
2500,4012,"             ++ (dos)",1 a 10 BAAR/50 c,1
2501,4012,"             +++ (tres)",> de 10 BAAR/50 c,1
2502,4013,Negativo:,No se observan BAAR.,1
2503,4013,Positivo + (una),0 a 1 BAAR/100 c,1
2504,4013,"             ++ (dos)",1 a 10 BAAR/50 c,1
2505,4013,"             +++ (tres)",> de 10 BAAR/50 c,1
2506,4014,Negativo:,No se observan BAAR.,1
2507,4014,Positivo + (una),0 a 1 BAAR/100 c,1
2508,4014,"             ++ (dos)",1 a 10 BAAR/50 c,1
2509,4014,"             +++ (tres)",> de 10 BAAR/50 c,1
2510,4016,Mujeres:,"Hasta 5,9",1
2511,4016,Hombres:,"Hasta 12,7",1
2512,4017,No reactivo:,"Menor a 0,50",1
2513,4017,Indeterminado:," entre 0,50 - 0,99",1
2514,4017,Reactivo:,"Mayor o igual a 1,00",1
2515,4018,Suero:,Hasta 21,1
2516,4018,Liquido Pleural:,Hasta 30,1
2517,4018,HIV + Asintomatico,"de 22,5 a 42,9",1
2518,4018,HIV + Sintomatico,"de 28 a 64,4",1
2519,4019,Valor de referencia:,280 a 295,1
2520,4022,Semanas:,Mediana:,0
2521,4022,9,0.60,1
2522,4022,10,0.86,1
2523,4022,11,1.30,1
2524,4022,12,2.30,1
2525,4022,13,3.73,1
2526,4022,14,4.98,1
2527,4025,Adultos:,Hasta 50,1
2528,4025,Niños:,Hasta 20,1
2529,4026,B.E.I,15,1
2530,4027,Posición erguida:,"4,4 a 46,1",1
2531,4027,Posición supina:,"2,8 a 39,9",1
2532,4028,Negativo:,< 9,1
2533,4028,Indeterminado:,de 9 - 11,1
2534,4028,Positivo:,> 11,1
2535,4030,Negativo:,>1.8 seg.,1
2536,4030,Positivo:,< o igual a 1.8 seg.,1
2537,4032,Lisis de euglobulinas:,Mayor a 130 min,1
2538,4032,Indice pre-post isquemia:,"Menor a 0,70",1
2539,2758,,,1
2540,3786,Reactivo:,"Mayor o igual a 1,00",1
2541,4081,Valor de referencia:,150 a 400,1
2542,4082,Valor de referencia:,340 a 670,1
2543,4083,Valor de referencia:,400 a 740,1
2544,4057,,,0
2545,4057,,,0
2546,4057,,,0
2547,4085,Negativo:,Hasta 60,1
2548,4086,No reactivo:,"Menor de  0,80",1
2549,4086,Indeterminado:," Desde 0,80 hasta 0,99",1
2550,4086,Reactivo:,"Igual o mayor a 1,00",1
2551,4088,Valoras de referencia:,NEGATIVO,1
2552,4088,Dilución de corte:,1/40,1
2553,4089,Valoras de referencia:,NEGATIVO,1
2554,4089,Dilución de corte:,1/40,1
2557,4090,Negativo:,"Menor o igual 0,90",1
2558,4090,Indeterminado:,"0,91 a 1,09",1
2559,4090,Positivo:,"Mayo o igual 1,10",1
2560,4092,Negativo:,"Menor de 0,75",1
2561,4092,Indeterminado:,"De 0,76 a 1,00",1
2562,4092,Positivo:,"Mayor a 1,0",1
2563,4079,Valor de referencia:,Menor a 25,1
2564,4123,Entre  las 16-18 hs,50% del matutino,0
2566,4124,Valor de referencia:,5 a 20,1
2567,4125,,Entre 70 - 130%,1
2568,4126,Normal:,Menor a 30,1
2569,4126,Microalbuminuria:,De 30 a 300,1
2570,4126,Proteinuria:,Mayor a 300,1
2571,2818,Con Hidantoína:,"0,8 - 5,6",1
2572,2818,Con Fenobarbital:,"2,4 - 9,0",1
2573,2818,Con Oxcarbamazepina:,"1,4 - 9,1",1
2574,2818,Con Valproato:,"2,8 - 13,9",1
2575,2818,Con Lamotrigina:,"2,6 - 13,7",1
2577,4130,Negativo:,"menor a 0,9",1
2578,4130,Indeterminado:,"de 0,9 a 1,1",1
2579,4130,Positivo:,"mayor a 1,1",1
2580,4131,Negativo:,"menor a 0,9",1
2581,4131,Indeterminado:,"de 0,9 a 1,1",1
2582,4131,Positivo:,"mayor a 1,1",1
2583,4132,Negativo:,"menor a 0,9",1
2584,4132,Indeterminado:,"de 0,9 a 1,1",1
2585,4132,Positivo,"mayor a 1,1",1
2586,4134,,,0
2587,4134,,,0
2588,4134,,,0
2589,3065,1 a 11 meses:,"De 0,8 a 6,2",1
2590,3065,1 a 5 años:,"De 0,7 a 5,7",1
2591,3065,6 a 10 años:,"De 0,6 a 5,0",1
2592,3065,11 a 18 años:,"De 0,5 a 4,4",1
2593,2655,1 a 23 meses:," 0,94 - 1,44",1
2594,2655,2 a 12 años:,"0,86 - 1,40",1
2595,2655,13 a 20 años:,"0,83 - 1,43",1
2597,2647,15 a 18 años:,"De 5,0 a 11,8",1
2598,2647,Adultos:,"De 4,5 a 11,9",1
2599,3359,1 a 11 meses:,"De 1,0 a 2,2",1
2600,3359,1 a 5 años:,"De 0,9 a 2,2",1
2601,3359,6 a 10 años:,"De 0,9 a 2,1",1
2602,3359,11 a 14 años:,"De 0,7 a 1,9",1
2603,3359,15 a 18 años:,"De 0,6 a 1,7",1
2604,4142,,,0
2605,4142,,,0
2606,4142,,,0
2607,4157,Hombre:,"De 5,5 a 22,9",1
2608,4157,Mujeres:,"De 4,9 a 26,6",1
2609,4157,Postmenopausia:,"De 5,2 a 24,4",1
2610,4158,Negativo:,"< 0,9",1
2611,4158,Indeterminado:,"0,9 a 1,0",1
2612,4158,Positivo:,">1,0",1
2613,4159,Negativo:,"<0,9",1
2614,4159,Indeterminado:,"0,9 a 1,0",1
2615,4159,Positivo:,">1,0",1
2616,4160,Valor de referencia:,"de 0,20 a 2,00",1
2617,4161,V.R:,Negativo,1
2618,4161,Valor de corte:,1/10,1
2619,2852,,,0
2620,2852,,,0
2621,4163,Valor de referencia:,"0,9 a 2,0",1
2622,4164,Negativo:,Menor a 10,1
2624,4164,Positivo:,Mayor o igual a 10,1
2625,4166,Negativo:,Menor a 10,1
2627,4166,Positivo:,Mayor o igual a 10,1
2628,187,2 a 4,"39,1 a 8388",1
2629,187,5 a 6,861 a 88769,1
2630,4204,Valor de Referencia:,Menor a 10,1
2642,4208,Valores de referencia:,De 8 a 52,1
2643,4210,Orina de 7 a 8 hs:,50 a 180,1
2644,4210,Orina de 22 a 23 hs:,6 a 43,1
2645,4212,Valor de referencia:,13 a 15,1
2646,4213,Valor de referencia:,de 72 a 100,1
2647,4214,Valor de referencia:,De 33 a 46,1
2648,4215,Valor de referencia:,De 150.000 a 400.000,1
2649,4216,Valor de referencia:,"de 1,00 a 1,20",1
2650,4217,Clase 0:,Ausencia,1
2651,4218,Negativo:,"Menor a 0,30",1
2652,4219,Negativo:,Valor de corte 1/70,1
2653,4122,Valor de referencia:,"de 1,00 a 1,20",1
2654,4223,Valor de referencia:,4-20,1
2658,4225,Acostado:,"De 1,8 a 23,2",1
2659,4225,De pie:,"De 2,5 a 39,2",1
2660,4233,Semana,Mediana,0
2661,4233,14,"0,16",1
2662,4233,15,"0,39",1
2663,4233,16,"0,62",1
2664,4233,17,"0,85",1
2665,4233,18,"1,08",1
2666,4233,19,"1,31",1
2667,4233,20,"1,54",1
2668,4234,Semanas:,Mediana:,0
2669,4234,14,44476,1
2670,4234,15,35477,1
2671,4234,16,28299,1
2672,4234,17,22573,1
2673,4234,18,18006,1
2674,4234,19,14362,1
2675,4234,20,11456,1
2676,4207,Semana,Mediana,0
2677,4207,14,"25,4",1
2678,4207,15,"29,9",1
2679,4207,16,"35,1",1
2680,4207,17,"41,3",1
2681,4207,18,"48,7",1
2682,4207,19,"57,3",1
2683,4207,20,"67,4",1
2684,4207,,,0
2685,4207,Como marcador oncológico:,"Hasta 8,0",1
2686,4235,Semanas:,Mediana:,0
2687,4235,10,"65,92",1
2688,4235,11,"52,90",1
2689,4235,12,"42,45",1
2690,4235,13,"34,07",1
2691,4235,14,"26,50",1
2694,4236,Semana de embarazo:,Mediana:,0
2695,4236,14,"25,4",1
2696,4236,15,"29,9",1
2697,4236,16,"35,1",1
2698,4236,17,"41,3",1
2699,4236,18,"48,7",1
2700,4236,19,"57,3",1
2701,4236,20,"67,4",1
2702,4237,Semana de embarazo:,Mediana:,0
2703,4237,14,44476,1
2704,4237,15,35477,1
2705,4237,16,28299,1
2706,4237,17,22573,1
2707,4237,18,18006,1
2708,4237,19,14362,1
2709,4237,20,11456,1
2710,4238,Semana de embarazo:,Mediana:,0
2711,4238,14,"0,16",1
2712,4238,15,"0,39",1
2713,4238,16,"0,62",1
2714,4238,17,"0,85",1
2715,4238,18,"1,08",1
2716,4238,19,"1,31",1
2717,4238,20,"1,54",1
2718,4239,Semana de embarazo:,Mediana:,0
2719,4239,14,"25,4",1
2720,4239,15,"29,9",1
2721,4239,16,"35,1",1
2722,4239,17,"41,3",1
2723,4239,18,"48,7",1
2724,4239,19,"57,3",1
2725,4239,20,"67,4",1
2726,4240,Semana de embarazo:,Mediana:,0
2727,4240,14,44476,1
2728,4240,15,35477,1
2729,4240,16,28299,1
2730,4240,17,22573,1
2731,4240,18,18006,1
2732,4240,19,14362,1
2733,4240,20,11456,1
2734,4241,Semana de embarazo:,Mediana:,0
2735,4241,14,"0,16",1
2736,4241,15,"0,39",1
2737,4241,16,"0,62",1
2738,4241,17,"0,85",1
2739,4241,18,"1,08",1
2740,4241,19,"1,31",1
2741,4241,20,"1,54",1
2742,4243,Negativo:,"Menor a 0,50",1
2743,4243,Indeterminado:,"De 0,51 a 0,99",1
2744,4243,Positivo:,"Mayor o igual a 1,00",1
2745,4244,No reactivo:,"Menor a 0,50",1
2746,4244,Indeterminado:,"De 0,50 a 0,99",1
2747,4244,Reactivo:,"Mayor o igual a 1,00",1
2748,4245,Premenopausia:,"Hasta 97,5",1
2749,4245,Postmenopausia:,"Hasta 2,1",1
2750,4248,Valor de referencia:,"Mayor o igual a 1,5",1
2751,4253,Valor de referencia:,"Mayor o igual a 7,2",1
2752,4254,Valor de referencia:,Mayor a 15 millones,1
2753,4255,Valor de referencia:,Mayor a 39 millones,1
2754,4256,Valor de referencia:,Mayor a 32,1
2755,4257,Valor de referencia:,58 a 91,1
2756,4259,Valor de referencia:,Mayor a 40,1
2758,4270,Valor de referencia:,Menor a 1.000.000,1
2759,4273,Valor de referencia:,Mayor a  58,1
2760,4252,,,1
2761,1301,INDETERMINADO:,Entre 1/40 y 1/160,1
2762,1301,POSITIVO:,Mayor a 1/320,1
2763,2776,Negativo:,Menor a 9,1
2764,2776,Indeterminado:,De 9 a 11,1
2765,2776,Positivo:,Mayor a 11,1
2766,2778,Negativo:,Menor a 9,1
2767,2778,Indeterminado:,De 9 a 11,1
2768,2778,Positivo:,Mayor a 11,1
2769,4276,No reactivo:,"Menor 0,50",1
2770,4276,Indeterminado:,"0,50 a 0,99",1
2771,4276,Reactivo:,"Mayor o igual a 1,00",1
2772,4277,Valor de referencia:,13 a 15,1
2773,4278,Valor de referencia:,de 72 a 100,1
2774,4279,Valor de referencia:,De 33 a 46,1
2775,4280,Valor de referencia:,De 150.000 a 400.000,1
2776,4281,Valor de referencia:,"de 1,00 a 1,20",1
2777,4282,Valor de referencia:,"12,9 - 15,3",1
2778,4283,Valor de referencia:,de 72 a 100,1
2779,4284,Valor de referencia:,De 25 a 41,1
2780,4285,Valor de referencia:,De 150.000 a 400.000,1
2781,4286,Valor de referencia:,"de 1,00 a 1,20",1
2782,1805,Indeterminado:,Entre 15 - 25,1
2783,1805,Positivo,Mayor a 25,1
2784,4287,Negativo:,Menor a 16,1
2785,4287,Indeterminado:,Entre 16 - 24,1
2786,4287,Positivo,Mayor a 24,1
2787,4288,Negativo:,Menor a 15,1
2788,4288,Indeterminado:,Entre 15 - 25,1
2789,4288,Positivo:,Mayor a 15,1
2790,4289,Negativo:,Menor a 16,1
2791,4289,Indeterminado:,Entre 16 - 24,1
2792,4289,Positivo:,Mayor a 24,1
2793,4290,Negativo:,Menor a 16,1
2794,4290,Indeterminado:,Entre 16 - 24,1
2795,4290,Positivo:,Mayor a 24,1
2796,4291,Negativo:,Menor a 16,1
2797,4291,Indeterminado:,Entre 16 - 24,1
2798,4291,Positivo:,Mayor a 24,1
2799,4292,Negativo:,Menor a 15,1
2800,4292,Indeterminado:,Entre 15 - 25,1
2801,4292,Positivo:,Mayor a 25,1
2803,3902,Mujeres:,"2,0 a 15,2",1
2804,3903,,,1
2805,4297,Rango terapeutico:,,0
2806,4297,Valle:,15 a 20,1
2807,4297,Pico:,30 a 40,1
2808,4299,Resultado:,Hasta 30,0
2809,2851,,Mujeres: 60 a 117,1
2810,2023,Mujeres:,hasta 8,1
2811,2023,Niños de 1 año:,hasta 15,1
2812,2023,Niños mas de 1 año:,hasta 10,1
2813,4302,,,0
2814,4302,,,0
2815,4303,EXUDADO:,Mayor a 30,1
2816,4303,TRASUDADO:,Menor a 30,1
2817,4304,EXUDADO:,Mayor a 200,1
2818,4304,TRASUDADO,Menor a 200,1
2819,4306,EXUDADO:,Mayor a 1000,1
2820,4306,TRASUDADO:,Menor a 1000,1
2821,4310,,,0
2822,4310,,,0
2823,4311,Exudado:,Mayor a 30,1
2824,4311,trasudado:,Menor a 30,1
2825,4312,Exudado:,Mayor a 200,1
2826,4312,Trasudado:,Menor a 200,1
2827,4314,EXUDADO:,Mayor a 1000,1
2828,4314,TRASUDADO:,Menor a 1000,1
2829,4318,Normal:," 60-80% de la glucemia",0
2830,4320,Normal:,Menor a 10,1
2831,4319,Normal:,Menor a 45,1
2833,187,6 a 8,8636 a 218085,1
2834,187,8 a 10,18700 a 244467,1
2835,187,10 a 12,23143 a 181899,1
2836,187,13 a 27,6303 a 97171,1
2837,187,28 a 40,4360 a 74883,1
2840,4330,Menor a 1 año:,"1,51 - 7,92",1
2841,4330,1 a 3 años:,"2,65 - 9,38",1
2842,4330,3 a 6 años:,"3,62 - 12,28",1
2843,4330,6 a 12 años:,"3,77 - 11,31",1
2844,4330,12 a 18 años:,"3,62 - 10,27",1
2845,4330,Mayor a 18 años:,"4,05 - 10,11",1
2846,4331,Menor a 1 año:,"0,26 - 1,36",1
2847,4331,1 a 3 años:,"0,28 - 2,16",1
2848,4331,3 a 6 años:,"0,57 - 2,90",1
2849,4331,6 a 12 años:,"0,68 - 3,88",1
2850,4331,12 a 18 años:,"0,81 - 4,72",1
2851,4331,Mayor a 18 años:,"1,69 - 7,86",1
2852,4332,Menor a 1 año:,"0,09 - 0,92",1
2853,4332,1 a 3 años:,"0,09 - 0,86",1
2854,4332,3 a 6 años:,"0,13 - 0,80",1
2855,4332,6 a 12 años:,"0,16 - 0,89",1
2856,4332,12 a 18 años:,"0,14 - 1,06",1
2857,4332,Mayor a 18 años:,"0,11 - 0,85",1
2858,4333,Menor a 1 año:,"0,01 - 0,46",1
2859,4333,1 a 3 años:,"0,01 - 0,74",1
2860,4333,3 a 6 años:,"0,01 - 1,45",1
2861,4333,6 a 12 años:,"0,01 - 1,70",1
2862,4333,12 a 18 años:,"0,05 - 2,00",1
2863,4333,Mayor a 18 años:,"0,03 - 2,01",1
2864,3397,Negativo:,Menor a 12,1
2866,4336,Negativo:,Menor a 12,1
2867,4329,Normal:,mas de 200,1
2868,4329,I.P.E moderada:,de 100 a 200,1
2869,4329,I.P.E severa:,menor de 100,1
2870,4339,Valor normal:,"Hasta 12,5",1
2871,4341,Clase 0:,Ausencia,1
2872,4347,Clase 0:,Ausencia,1
2875,4311,Criterios de Ligth:,,0
2876,4311,Exudado:,"LP/Plasma > 0,5",0
2877,4311,Trasudados:,"LP/Plasma < 0,5",0
2878,4312,Criterio de Light:,,0
2879,4312,Exudado:,"LP/plasma > 0,6",0
2880,4312,Trasudado:,"LP/plasma < 0,6",1
2881,4325,Exudado:,> 25,1
2882,4325,Trasudado:,< 25,1
2883,4348,Valor de referencia:,No detectable,1
2884,4349,Resultado:,"0,8 a 2",1
2885,4350,Negativo:,< 9,1
2886,4350,Indeterminado:,9-11,1
2887,4350,Positivo:,> 11,1
2888,4351,Negativo:,"< 9,0",0
2889,4351,Indeterminado:,9 a 11,0
2890,4351,Positivo:,> 11,0
2891,4352,Negativo:,< 9,1
2892,4352,Indeterminado:,9 - 11,1
2893,4352,Positivo:,> 11,1
2894,4353,Negativo:,"< 9,0",0
2895,4353,Indetermiando:,9 a 11,0
2896,4353,Positivo:,"> 11,0",0
2897,4354,Población sana:,"Menor a 0,05",1
2898,4354,Infecciones locales:,"0,05-0,5",1
2899,4354,Infección sistemica:,"0,5-2",1
2900,4354,Sepsis grave:,2 a 10,1
2901,4355,V.r:,Negativo,1
2902,4356,Valor de referencia:,< 50%,1
2903,4357,Valores de referencia:,Según OMS 2010,1
2904,4355,Valor de corte:,1/16,1
2905,4374,Valores de referencia:,Según OMS 2010,1
2906,4391,Rango dinamico:,de 20 a 10.000.000,1
2907,4393,Rango dinamico:,de 20 a 10.000.000,1
2908,4395,Interpretacion:,,0
2909,4395,HETERODIMEROS:,,0
2910,4395,"DQ-2,5:",Riesgo muy alto,0
2911,4395,"DQ-7,5 + DQ-2,2:",Riesgo muy alto,0
2912,4395,DQ 8:,Riesgo alto,0
2913,4395,"DQ-2,2:",Riesgo bajo,0
2914,4402,Nivel optimo:,Menor de 130,1
2915,4403,Valor limite para IM:,"0,05",1
2916,4404,Valor de referencia:,Menor a 150,1
2918,4406,Valor de referencia:,Menor a 150,1
2919,4410,No reactivo:,Menor de 20,1
2920,4410,Reactivo:,Mayor o igual de 20,1
2921,4411,Ambulatorio,,0
2922,4411,(posición erguida),"0,10 - 6,56",1
2923,4411,Reposo,,0
2924,4411,(posición supina),"0,15 - 2,33",1
2925,4412,Deseable:,Hasta 200,1
2926,4412,Moderadamente alto:,De 201 a 239,1
2927,4412,Alto:,Mayor de 240,1
2928,4413,Hombres:,de 30 a 70,1
2929,4413,Mujeres:,de 35 a 95,1
2930,4414,Riesgo bajo:,Hasta 140,1
2931,4414,Riesgo moderado:,de 140 a 190,1
2932,4414,Riesgo alto:,Mayor a 190,1
2933,4415,Hombres:,"Hasta 4,95",1
2934,4415,Mujeres:,"Hasta 4,44",1
2935,4416,Valor de referencia:,Hasta 200,1
2936,4418,Negativo:,Menor a 10,1
2937,4418,Positivo:,Mayor e igual que 10,1
2938,4434,Valores de referencia:,De 33-58,1
2939,4435,Valores de referencia:,De 404 a 1129,1
2940,4437,Resultado,"> a 0,5 ALTA AVIDEZ",1
2941,4438,Valor de referencia:,No detectable,1
2942,4439,Valor de referencia:,Negativo,1
2943,4443,Valores de referencia:,Hasta 14,1
2944,4449,Valor de corte:,Dilución 1/16,1
2945,4453,Valor de corte:,Dilución 1/16,1
2946,4456,Valor de corte:,Dilución 1/16,1
2947,4459,Adultos:,hasta 200,1
2948,4459,Niños:,hasta 150,1
2949,3996,,,1
2950,4461,Hombres:,"Hasta 1,0",1
2951,4461,Mujeres:,"Hasta 10,0",1
2952,4461,1 año:,"Hasta 15,0",1
2953,4461,Mayores de 1 año:,"Hasta 10,0",1
2954,4466,Semanas:,Mediana:,0
2955,4466,10,"65,92",1
2956,4466,11,"52,90",1
2957,4466,12,"42,45",1
2958,4466,13,"34,07",1
2959,4466,14,"26,50",1
2960,4468,Semana de embarazo:,Mediana:,0
2961,4468,10,"65,92",1
2962,4468,11,"52,90",1
2963,4468,12,"45,45",1
2964,4468,13,"34,07",1
2965,4468,14,"26,50",1
2966,4469,,,1
2967,4470,Semana de embarazo:,Mediana:,0
2968,4470,9,"0,60",1
2969,4470,10,"0,86",1
2970,4470,11,"1,30",1
2971,4470,12,"2,30",1
2972,4470,13,"3,73",1
2973,4470,14,"4,98",1
2974,4472,Valor de referencia:,"3,30 a 19,40",1
2975,4473,Relacion Kappa/lambda.,"0,26 a 1,65",1
2976,4474,Valor de referencia:,"5,71 a 26,30",1
2977,4475,Relacion Kappa/lambda:,"0,26 a 1,65",1
2978,4475,Pacientes en ERC,"0,37 a 3,10",1
2979,4473,Pacientes en ERC:,"0,37 a 3,10",1
2980,4476,Plasma,,0
2981,4476,Sangre Venosa:,"4,5 - 10,8",1
2982,4476,Sangre Arterial,"< 11,3",1
2985,4477,Valor de referencia:,Negativo,1
2986,4481,Valor normal:,70 a 120,1
2987,3441,Interpretacion:,,0
2988,3441,Negativo:,"< 9,0",1
2989,3441,Indeterminado:,9-11,1
2990,3441,Positivo:,> 11,1
2991,3440,Interpretacion:,,0
2992,3440,Negativo:,"< 9,0",1
2993,3440,Indeterminado:,9-11,1
2994,3440,Positivo:,> 11,1
2995,4483,Valor de referencia:,Hasta 10,1
2996,4492,Adultos:,De 200 a 360,1
2997,4493,Interpretacion:,,0
2998,4493,Negativo:,"< 0,4",1
2999,4493,Indeterminado:,"0,4 - 0,6",1
3001,4494,Interpretacion:,,0
3002,4494,Positivo:,"Mayor a 1,00",1
3003,4495,0 a 2 meses:,45 - 90,1
3004,4495,3 a 6 meses:,50 - 120,1
3005,4495,7 a 9 meses:,60 - 120,1
3006,4495,10 a 12 meses:,70 - 130,1
3007,4495,Mayor de 1 año:,70 - 150,1
3008,4497,Rango dinámico:,15 - 10.000.000,1
3009,4493,Positivo:,"> 0,6",1
3010,4498,No Reactivo:,"Menor a 0,5",1
3012,4498,Reactivo:,"Mayor o igual a 0,5",1
3013,4499,Valor normal:,de 2 a 30,1
3014,4500,Interpretacion:,,0
3015,4500,Negativo:,"Menor 1,4",1
3016,4501,Valor de referencia:,Negativo,1
3017,4502,Interpretacion:,,0
3018,4502,Negativo:,"<1,0",1
3020,4502,Positivo:,">= 1,0",1
3021,4500,Positivo,"Mayor o igual 1,4",1
3022,4504,Semana de embarazo:,Mediana:,0
3023,4504,10,"65,92",1
3024,4504,11,"52,90",1
3025,4504,12,"45,45",1
3026,4504,13,"34,07",1
3027,4504,14,"26,50",1
3028,4505,,,1
3029,4506,Semana de embarazo:,Mediana:,0
3030,4506,9,"0,60",1
3031,4506,10,"0,86",1
3032,4506,11,"1,30",1
3033,4506,12,"2,30",1
3034,4506,13,"3,73",1
3035,4506,14,"4,98",1
3036,4512,Hombre adulto:,Hasta 40,1
3037,4512,Mujer: Fase folicular:,De 19.5 a 144.2,1
3038,4512,"           Fase ovulatoria:",De 63.9 a 356.7,1
3039,4512,"           Fase lutea:","De 55,8 a 214,2",1
3040,4512," Postmenopausia:",Menor de 32,1
3041,4513,Hombre Adulto:,"De 0,28 a 1,22",1
3042,4513,Mujer Fase folicular,"De 0,25 a 0,54",1
3043,4513,Mujer Fase lutea:,"De 1,50 a 20,00",1
3044,4513,Post-menopausia:,"Hasta 0,41",1
3045,4516,Adulto masculino:,"De 0,28 a 1,22",1
3046,4516,Fase folicular,"De 0,15 a 1,40",1
3047,4516,Fase lutea:,"De 3,34 a 25,56",1
3048,4516,Post-menopausia:,"Hasta 0,73",1
3050,4517,Hombre adulto,"De 1,4 a 19,4",1
3051,4517,Mujer adulta,"De 1,4 a 18,0",1
3052,4525,NEGATIVO,Menor a 10,1
3053,4525,POSITIVO,Mayor o igual a 10,1
3054,4526,Valor de referencia:,50 a 150,1
3055,4527,Negativo:,"Menor de 0,3",1
3056,4528,Negativo:,"Menor de 0,30",1
3057,4532,Valores de referencia:,32 a 43,1
3058,4533,Valor de referencia:,Negativo,1
3059,4534,Valores de referencia:,32 a 45,1
3060,4535,Valor de referencia:,Negativo,1
3061,4529,Valor de referencia:,< 10,1
3062,4537,Valor de referencia:,< 10,1
3063,4538,Valor de referencia:,Negativo,1
3064,4539,Valores de referencia:,5 a 10 mill,1
3065,4540,,30 a 45,1
3066,4541,,8 a 15,1
3067,4542,,42 a 53,1
3068,4543,,"12,5 a 17,5",1
3069,4544,,30 a 34,1
3070,4545,,5.000 a 14.000,1
3071,4546,,0 a 3,1
3072,4547,,60 a 77,1
3073,4548,,2 a 7,1
3074,4549,,0 a 1,1
3075,4550,,15 a 35,1
3076,4551,,2 a 5,1
3077,4553,Valores de referencia:,15 a 45,1
3078,4554,Valores de referencia:,"Menor a 2,1",1
3079,4555,Valores de referencia:,"Menor a 0,3",1
3080,4557,,"Menor a 1,00",1
3081,4558,Adultos:,Menor a 100,1
3082,4558,Cachorros:,Menor a 200,1
3083,4559,,Menor a 80,1
3084,4560,,Menor a 80,1
3085,4561,Hombre adulto: 40 a 129,,1
3086,4561,Mujer adulta: 35 a 104,,1
3087,4563,Adultos:,10 a 60% de la FAL total,1
3088,4563,Niños:,20 a 30% de la Fal total,1
3089,4564,Hombres:,"5,5 - 22,9",1
3090,4564,Mujeres:,"4,9 - 26,6",1
3091,4564,Postmenopausia:,"5,2 - 24,4",1
3092,4566,No detectable,,1
3093,4567,Concentracion Terapeutica:,6 a 40,1
3094,4569,Interpretacion:,,0
3095,4569,Positivo:,Mayor a 1,1
3096,4571,Valores de referencia:,"Adultos: de 3,7 a 13,9",1
3097,4583,Hombres:,15 a 30,1
3098,4583,Mujeres:,16 a 45,1
3099,4574,Normal:,hasta 50,1
3100,4574,Riesgo moderado:,50 a 200,1
3101,4574,Riesgo elevado:,mayor a 200,1
3102,4600,Valores de referencia:,5 a 10 mill,1
3103,4601,,30 a 45,1
3104,4602,,8 a 15,1
3105,4603,,42 a 53,1
3106,4604,,"12,5 a 17,5",1
3107,4605,,30 a 34,1
3108,4606,,5.000 a 14.000,1
3109,4607,,0 a 3,1
3110,4608,,60 a 77,1
3111,4609,,2 a 7,1
3112,4610,,0 a 1,1
3113,4611,,15 a 35,1
3114,4612,,2 a 5,1
3115,4617,40,"14,3",1
3116,4618,"0,96",,1
3117,4620,Valores de referencia:,"82,0  a  95,0",1
3118,4621,Valores de referencia:,"27,0  a  32,0",1
3119,4622,Valores de referencia:,"32,0  a  36,0",1
3120,4638,Valores de referencia:,150.000 a 400.000,1
3121,4642,Valores de referencia:,"5,50 a 8,50 mill",1
3122,4643,Valores de referencia:,37 a 55,1
3123,4644,Valores de referencia:,12 a 18,1
3124,4645,Valores de referencia:,60 a 77,1
3125,4646,Valores de referencia:,"19,5 a 24,5",1
3126,4647,Valores de referencia:,33 a 36,1
3127,4648,Valores de referencia:,6.000 a 17.000,1
3128,4649,Valores de referencia:,0 - 1,1
3129,4650,Valores de referencia:,60 - 70,1
3130,4651,Valores de referencia:,2 - 10,1
3131,4652,Valores de referencia:,0 - 1,1
3132,4653,Valores de referencia:,12 - 30,1
3133,4654,Valores de referencia:,3 - 10,1
3134,4659,Valores de referencia:,"5,50 a 8,50 mill",1
3135,4660,Valores de referencia:,37 a 55,1
3136,4661,Valores de referencia:,12 a 18,1
3137,4662,Valores de referencia:,60 a 77,1
3138,4663,Valores de referencia:,"19,5 a 24,5",1
3139,4664,Valores de referencia:,33 a 36,1
3140,4665,Valores de referencia:,6.000 a 17.000,1
3141,4666,Valores de referencia:,0 - 1,1
3142,4667,Valores de referencia:,60 - 70,1
3143,4668,Valores de referencia:,2 - 10,1
3144,4669,Valores de referencia:,0 - 1,1
3145,4670,Valores de referencia:,12 - 30,1
3146,4671,Valores de referencia:,3 - 10,1
3147,4687,Valor de referencia:,Menor a  10,1
3148,4688,Valor de referencia:,Negativo,1
3149,4689,Valor de referencia:,No detectable,1
3150,4690,Valor de referencia:,30-200,1
3151,4693,1 - 6 años:,"0,25 a 0,43",1
3152,4693,Adultos:,"0,34 s 0,80",1
3153,4694,Valor de referencia:,118 a 244,1
3154,4696,Hombres:,"Hasta 1,0",1
3155,4696,Mujeres:,"Hasta 10,0",1
3156,4696,1 año:,"Hasta 15,0",1
3157,4696,Mayores de 1 año:,"Hasta 10,0",1
3158,4702,,Negativo,1
3159,4702,,Positivo,1
3160,4702,,,1
3161,4704,Hombres:,"Hasta 1,0",1
3162,4704,Mujeres:,"Hasta 10,0",1
3163,4704,1 año:,"Hasta 15,0",1
3164,4704,Mayores de 1 año:,"Hasta 10,0",1
3165,4712,Valor normal:,"3,5 - 13,8",1
3166,4712,Valor de heterocigota:,"1,4 - 5,2",1
3167,4712,Valor deficit parcial:,"0,7 - 2,1",1
3168,4712,Valor deficit total:,"< 0,7",1
3169,4715,Mujeres:,"27,2 - 102",1
3170,4715,Hombres:,"18,7 - 86,9",1
3171,4715,RN Prematuros:,31 a 211,1
3172,4715,RN a termino:,45 a 109,1
3173,4715,Niños (1 - 6 meses),22 a 94,1
3174,4714,Hombres:,"Hasta 6,6",1
3175,4714,Mujeres:,"Hasta 6,5",1
3176,4716,Valor normal:,"3,5 - 13,8",1
3177,4716,Valor de heterocigota:,"1,4 - 5,2",1
3178,4716,Valor deficit parcial:,"0,7 - 2,1",1
3179,4716,Valor deficit total:,"< 0,7",1
3180,4730,Negativo:,Dilucion de corte: 1/20,1
3181,4732,Negativo:,Menor de 25,1
3182,4732,Indeterminado:," 25 a 35",1
3183,4732,Positivo:,Mayor de 35,1
3184,4733,Negativo:,Menor a 20,1
3185,4733,Positivo débil:," 20 - 39",1
3186,4733,Positivo moderado:," 40-80",1
3187,4733,Positivo fuerte:,Mayor a 80,1
3189,4735,Valores de referencia:,"3,7 a 31,5",1
3190,4736,Valor de referencia:,7 a 23,1
3191,3554,,,1
3194,4748,Valor de referencia:,"6,0 a 8,0",1
3195,4749,Valor de referencia:,de 17 a 19,1
3196,4750,Valor de referencia:,de 211.000 a 375.000,1
3197,4751,Hombre:,10-60,1
3198,4751,Mujer:,,0
3199,4751,Fase folicular:,50-100,1
3200,4751,Fase lutea:,100-300,1
3201,4751,Postmenopausia:,10-60,1
3202,4751,Prepuberes:,Hasta 40,0
3203,4753,Negativo:,< a 15,1
3204,4753,Indeterminado:,15-25,1
3205,4753,Positivo:,> a 25,1
3206,4754,0 a 2 meses:,"0,40 a 1,40",1
3207,4754,3 a 6 meses:,"0,40 a 1,60",1
3208,4754,7 a 9 meses:,"0,40 a 1,70",1
3209,4754,10 a 12 meses:,"0,80 a 1,70",1
3210,4754,13 meses a 10 años:,"0,80 a 1,80",1
3211,4754,Mayor a 11 años:,"0,75 a 1,45",1
3212,3901,Valor de referencia:,0-11 años: 66-100,1
3213,4567,Concentracion Toxica:,Mayor a 400,1
3214,4757,Valor de referencia:,Negativo,1
3215,4758,Valor de referencia:,Negativo,1
3216,4758,,Valor de corte: 1/16,1
3217,4759,Valores de referencia:,"De 0,78 a 2,00",1
3218,4761,Valor normal,"0,06 a 0,35",1
3219,4760,Caninos,"0,6 a 3",1
3220,4760,Felinos,"0,7  2,6",1
3221,1389,Adultos:,22.000 a 132.000,1
3222,1389,Recien nacidos:,88.000 a 270.000,1
3223,4776,Valor de referencia,< 1500,1
3224,4777,,Hasta 157,1
3225,4779,8 a.m.,"Hasta 0,69",1
3226,4779,11 p.m.,"Hasta 0,43",1
3227,4781,Valor de referencia:,Hasta 5 glob. De grasa/campo,1
3228,4789,de 2 a 17 años:,"3,0 a 40,0",1
3229,4789,Adultos:,"10,0 a 40,0",1
3230,4790,CLSI,15-22,1
3231,4791,CLSI,23-29,1
3232,4792,CLSI,15-21,1
3233,4793,CLSI,25-32,1
3234,4794,CLSI,26-32,1
3235,4795,CLSI,29-38,1
3236,4796,CLSI,19-26,1
3237,4811,Sin efectos aparentes:,"Menor de 0,50",1
3238,4811,Depresion del SNC,"Mayor de 1,0",1
3239,4811,Posible coma alcoholico:,"Mayor de 4,0",1
3240,4814,Hasta:,"12,5",1
3241,4816,Valor de referencia:,"Hasta 11,4",1
3242,4817,No Expuesto:,"Hasta 1,5",1
3243,4817,BEI:,"Hasta 1,6",1
3245,4818,BEI:,"Hasta 0,3",1
3246,4819,BEI:,Hasta 15,1
3247,4820,No expuestos:,"Hasta 20,7",1
3248,4820,Expuestos al benceno:,"Hasta 45,0",1
3249,4820,Expuestos a Fenoles:,"Hasta 300,0",1
3250,4820,BEI:,Hasta 250,1
3251,4822,,,1
3252,4828,Negativo:,"Hasta 4,5",1
3253,4829,No expuestos:,Hasta 133,1
3254,4829,BEI:,Hasta 500,1
3255,4830,No expuestos:,"Hasta 2,5",1
3256,4830,Expuestos:,"Hasta 3,2",1
3257,4830,B.E.I.:,"Según ACGIH: 7,2",1
3258,4831,Valores de referencia,"Hasta 0,3",1
3259,4834,Valor de referencia:,"Hasta 4,5",1
3260,4834,Limite de cuantificacion:,"0,5 mg/L.",0
3261,4835,,,1
3262,3902,Varones:,"3,1 a 17,7",1
3263,3902,BEI (*):,"Hasta 30,0",1
3264,4841,B.E.I:,"3,0",1
3265,4844,Negativo:,"RP menor a 0,9",1
3266,4844,Indeterminado:,"RP entre 0,9 - 1,1",1
3267,4844,Positivo:,"Mayor a 1,1",1
3268,4845,Valor de referencia:,50 a 150,1
3269,4846,,De 1 a 150,1
3270,4847,,De 1 a 20,1
3271,4848,,Hasta 65,1
3272,4850,Valor de referencia:,"12,9 - 15,3",1
3273,4851,Valor de referencia:,de 72 a 100,1
3274,4852,Valor de referencia:,de 25 a 41,1
3275,4853,Valor de referencia:,de 150.000  - 400.000,1
3276,4854,Valor normal:,"de 1,00 a 1,20",1
3277,4857,Valores de referencia:,Hombres: 104 a 202,1
3278,4857,,Mujeres: 108 a 225,1
3279,4860,Valores de referencia:,De 6021 a 9165,1
3282,2555,Positivo:,Mayor o igual a 7,1
3283,4861,Valor normal:,"Hasta 0,6",1
3284,4861,Dialisis cronica:,"Hasta 6,0",1
3285,4863,Negativo:,Menor de 10,1
3286,4863,Positivo:,Igual o Mayor de 10,1
3287,4804,CLSI,15-22,1
3288,4805,CLSI,28-36,1
3289,4806,CLSI,21-27,1
3290,4807,CLSI,29-35,1
3291,4808,CLSI,28-35,1
3292,4809,CLSI,29-37,1
3293,4810,CLSI,19-26,1
3294,4867,No Reactivo:,"Menor a 1,0",1
3295,4867,Reactivo:,"Mayor o igual a 1,0",1
3296,4868,Valores normales:,de 12 a 110,1
3297,4877,BEI:,Hasta 2,1
3298,4878,BEI al isopropanol:,Hasta 40,1
3299,4878,BEI a cetonas:,Hasta 25,1
3300,4879,BEI: Hasta 15,,1
3301,4892,Clase 0:,Ausencia,1
3302,4893,Clase 0:,Ausencia,1
3303,4895,Valor de referencia:,< 50,1
3304,4900,0 a 2 meses:,"4,5 a 9,0",1
3305,4900,3 a 6 meses:,"5,0 a 12,0",1
3306,4900,7 a 9 meses:,"6,0 a 12,0",1
3307,4900,10 a 12 meses:,"7,0 a 13,0",1
3308,4900,(*) Mayor de 1 año:,"7,0 a 15,0",1
3309,4901,Valores de referencia:,"Hasta 0,05",1
3310,4901,"BEI: Hasta 0,70 ug/dl.",,0
3311,4901,Limite de cuantificacion:,"0,02",1
3312,2617,Valor normal:,Menor de 30,1
3313,4903,Valor de referencia:,Hasta 100,1
3314,4908,Valor normal del pico:,de 9 a 10,1
3315,4592,Valor de referencia:,"Hasta 45,0",1
3316,4909,Sensibilidad:,"1,0 ng/ml.",1
3317,4911,Normal:,"Menor o igual a 5,6",1
3318,4911,Pre-Diabetes:,"5,7 a 6,4",1
3319,4911,Diabetes:,"Mayor o igual a 6,5",1
3320,4912,Diagnóstico de Sepsis:,,0
3321,4912,Individuo Sano:,"< 0,05",1
3322,4912,Bajo riesgo de infección bacteriana:,"< 0,5",1
3323,4912,Sepsis:,> 0.5 a 2.0,1
3324,4912,Sepsis severa o shock séptico:,> 10,1
3325,4912,,,0
3326,4912,Infecciones del tracto respiratorio bajo:,,0
3327,4912,Ausencia de infección:,< 0.10,1
3328,4912,Infección bacteriana poco probable:,> 0.1 a 0.25,1
3329,4912,Posible infección bacteriana:,> 0.20 a 10.0,1
3330,4912,Presencia de infección bacteriana:,> 0.5,1
3331,4913,Arterial:,"De 7,35 a 7,45",1
3332,4913,Venoso:,"De 7,33 a 7,43",1
3333,4914,Arterial:,de 35 a 45,1
3334,4914,Venoso:,de 38 a 50,1
3335,4915,Arteriial:,de 80 a 100,1
3336,4915,Venoso:,de 30 a 50,1
3337,4916,Arterial:,de 22 a 26,1
3338,4916,Venoso:,de 23 a 27,1
3339,4917,Valores normales:,de -2 a +2,1
3340,4918,Arterial:,de 94 a 100,1
3341,4918,Venoso:," de 60 a 85",1
3342,4934,,,0
3343,4920,Valores de referencia:,"5,50 a 8,50 mill",1
3344,4921,Valores de referencia:,37 a 55,1
3345,4922,Valores de referencia:,12 a 18,1
3346,4923,Valores de referencia:,60 a 77,1
3347,4924,Valores de referencia:,"19,5 a 24,5",1
3348,4926,Valores de referencia:,33 a 36,1
3349,4927,Valores de referencia,"6,000 a 17,000",1
3350,4928,Valores de referencia:,0 - 1,1
3351,4929,Valores de referencia:,60 - 70,1
3352,4930,Valores de referencia:,2 - 10,1
3353,4931,Valores de referencia:,0 - 1,1
3354,4932,Valores de referencia:,12 - 30,1
3355,4933,Valores de referencia:,3 - 10,1
3362,4953,Hombres:,70 a 150,1
3363,4953,Mujeres:,80 a 155,1
3364,4954,Valor de referencia:,"Hasta 20,0",1
3365,4623,Adultos:,4.500 a 11.000,1
3366,4956,Valor limite para IM:,"50,0",1
3367,4957,Rango terapeutico:,164 - 240,1
3368,4958,Valor de referencia:,4171 - 10881,1
3369,4959,Valor de referencia:,"Hasta 0,5",1
3370,4959,Nivel critico:,"1,00",1
3371,4960,No expuestos:,Menor a 10,1
3372,4960,BEI:,Hasta 35,1
3373,4961,Valor de referencia:,"Hasta 0,5",1
3374,4962,Valor de referencia:,"Hasta 0,5",1
3375,4963,Valor normal:,1 a 10,1
3376,4965,Insuficiencia cardiaca poco probable,,0
3377,4896,Valor de referencia:,"Hasta 0,23",1
3378,4966,Valores de referencia:,"De 0,78 a 2,00",1
3379,4968,Valor de Referencia:,50-150,1
3380,4969,Valores de Referencia:,70 a 120,1
3381,4970,Valores de Referencia:,70-120,1
3382,4971,Valores de Referencia:,50-150,1
3383,4972,Valores de referencia:," 70-10",1
3384,4973,Negativo:,Menor de 4,1
3385,4973,Positivo debil:,4-10,1
3386,4973,Positivo:,Mayor de 10,1
3387,4974,Valores de referencia:,"De 0,78 a 2,00",1
3388,4975,Negativo:,Menor de 4,1
3389,4975,Positivo débil:,4-10,1
3390,4975,Positivo:,Mayor de 10,1
3391,4976,Valores de referencia:,"De 0,78 a 2,00",1
3392,4977,Negativo:,Menor de 20,1
3393,4977,Positivo débil:,20-30,1
3394,4977,Positivo moderado-fuerte,Mayor de 30,1
3395,4978,Valor de corte:,dil 1/10,1
3396,4979,Valores de Referencia:,70 a 120,1
3397,4980,Rango Dinamico:,10 - 10.000.000.000,1
3398,4981,Interpretacion:,,0
3399,4981,Negativo:,"< 0,9",1
3400,4981,Indeterminado:,"0,9 - 1,1",1
3401,4981,Positivo:,"> 1,1",1
3402,4982,Interpretacion:,,0
3403,4982,Negativo:,"< 0,9",1
3404,4982,Indeterminado:,"0,9 - 1,1",1
3405,4982,Positivo:,"> 1,1",1
3406,4983,Valor de referencia:,Hasta 500,1
3409,5001,Hombres:,Mayor de 30,1
3410,5001,Mujeres:,Mayor de 35,1
3411,2599,,Limite cuantificación: 5,1
3412,5002,Clase 0:,Ausencia,1
3413,5003,Clase 0:,Ausencia,1
3414,5004,Caninos:,"5,0 a 8,0 mill",1
3415,5005,Caninos:,37 a 55,1
3416,5006,Caninos:,12 a 18,1
3417,5007,Caninos:,60 a 77,1
3418,5008,Caninos:,"19,5 a 24,5",1
3419,5009,Caninos:,32 a 36,1
3420,5010,Caninos:,6.000 a 17.000,1
3421,5011,,0 - 1,1
3423,5013,Valores de referencia:,2 - 10,1
3424,5014,Valores de referencia:,0 - 1,1
3425,5015,Valores de referencia:,12 - 30,1
3426,5016,Valores de referencia:,3 - 10,1
3427,5017,,,0
3428,5004,Felinos:,"5,0 a 10,0 mill",1
3429,5004,Equinos:,"6,8 a 12,9 mill",1
3430,5005,Felinos:,24 a 45,1
3431,5005,Equinos:,32 a 53,1
3432,5006,Felinos:,8 a 15,1
3433,5006,Equinos:,11 a 19,1
3434,5010,Felinos:,5.000 a 19.500,1
3435,5010,Equinos:,5.400 a 14.300,1
3436,5007,Felinos:,39 a 55,1
3437,5007,Equinos:,37 a 58,1
3438,5008,Felinos:,,1
3439,5008,Equinos:,,1
3440,5009,Felinos:,31 a 35,1
3441,5009,Equinos:,31 a 37,1
3442,5030,Valor normal:,10 - 100,1
3443,5031,Valor de referencia:,Hasta 28,1
3444,5034,Valor normal:,"3,30 a 19,40",1
3445,5035,Valor normal:,"5,71 a 26,3",1
3446,5036,Valor normal:,"0,8 a 2,2",1
3447,5037,Negativo:,"Menor de 6,0",1
3448,5037,Positivo:,"Mayor o igual de 6,0",1
3449,5038,Límite de detección:,"0,10",1
3450,5039,Límite de detección:,"0,10 - 4,98",1
3451,5044,Valor de referencia:,Hasta 75,1
3452,5045,Hombre adulto,"De 0,9 a 9,6",1
3453,5045,Mujer adulta,"De 1,0 a 10,3",1
3454,5046,Valores de referencia:,"0,5 a 1,02",1
3455,5048,Negativo:,Menor a  6,1
3456,5027,Negativo:,"Menor a 6,0",1
3457,5049,Mujer adulta:,"0,22 a 4,64",1
3458,5049,Hombre adulto:,"1,53 a 14,82",1
3459,5050,Valor de referencia:,"Hasta 20,0",1
3460,5051,Normal:,"Menor a 1,35",1
3461,5052,Mujeres premenopausicas:,Hasta 70,1
3462,5052,Mujeres post menopausicas:,Hasta 140,1
3463,3901,,Mayor de 11 años: 60-120,1
3464,5069,Valor de referencia:,60 a 85%,1
3465,5070,Clase O,Ausencia IgE específica,1
3466,5071,Clase 0,Ausencia de IgE específica,1
3467,5072,Clase 0:,Ausente o No detectable,1
3468,5073,Valor de referencia:,"12,9 - 15,3",1
3469,5074,Valor de referencia:,de 72 a 100,1
3470,5075,Valor de referencia:,De 25 a 41,1
3471,5076,Valor de referencia:,De 150.000 a 400.000,1
3472,5077,Valor de referencia:,"de 1,00 a 1,20",1
3473,5100,Valores de referencia:,70 a 120,1
3474,5101,Valor de referencia:,"0,90 a 1,20",1
3475,5102,Valores de referencia:,Hasta 21,1
3476,5103,Valor de referencia:,28 a 40,1
3478,5105,Valor de referencia:,28 a 40,1
3480,5107,Valor de referencia:,30 - 46,1
3484,5111,Valor de referencia:,29 - 33,1
3485,5112,Valor de referencia:,29 - 33,1
3486,5113,Valor de referencia:,29 - 33,1
3487,5114,Valor de referencia:,"0 - 1,12",1
3488,5117,Valor de referencia:,Menor a 200,1
3491,5118,Hombres:,Mayor o igual a 40,1
3492,5118,Mujeres:,Mayor o igual a 50,1
3498,5121,Valor de referencia:,Menor a 150,1
3499,5119,Según Riesgo de ECV:,Metas del paciente:,0
3500,5119,Bajo:,Menor a 116,1
3501,5119,Moderado:,Menor a 100,1
3502,5119,Alto:,Menor a 70,1
3503,5119,Muy Alto:,Menor a 55,1
3504,5122,Según Riesgo de ECV:,Metas del paciente:,0
3505,5122,Moderado:,Menor a 130,1
3506,5122,Alto:,de 85 a 130,1
3507,5122,Muy Alto:,Menor a 85,1
3508,5119,Formula utilizada,Sampson,0
3509,5122,Estimacion por calculo.,,0
3510,5123,Valor de referencia:,Hasta 200,1
3513,5124,Hombres:,de 30 a 70,1
3514,5124,Mujeres:,de 35 a 95,1
3520,5127,Valor de referencia:,Menor a 150,1
3521,5128,Meta según riesgo de ECV,,0
3522,5128,Moderado:,Menor a 130,1
3523,5128,Alto:,de 85 a 130,1
3524,5128,Muy alto:,Menor a 85,1
3525,5125,Meta según riesgo de ECV,,0
3526,5125,Bajo:,Menor a 116,1
3527,5125,Moderado:,Menor a 100,1
3528,5125,Alto:,Menor a 70,1
3529,5125,Muy alto:,Menor a 55,1
3530,4965,Todas las edades:,Menor a 300,1
3531,4965,Insuciciencia cardiaca problable,,0
3532,4965,22 a 50 años:m,Mayor o igual a 450,1
3533,4965,50a 75 años:,Mayor o igual a 900,1
3534,4965,Mayo 75 años:,Mayos o igual a 1800,1
3535,5130,Valores de referencia:,135  a  145,1
3536,5131,Valores de referencia:,"3,5  a  4,5",1
3537,5132,Valor de referencia:,98 a 106,1
3538,3056,Riesgo Prediabetes:,De 101 a 125,1
3539,3056,Riesgo Diabetes:,Mayor a 126,1
3540,1702,Riesgo Diabetes:,Mayor a 200,1
3541,2053,Riesgo Prediabetes:,de 101 a 125,1
3542,2053,Riesgo Diabetes:,Menor a 126,1
3543,2057,Riesgo Prediabetes:,De 141 a 199,1
3544,2057,Riesgo Diabetes:,Menor a 200,1
3545,3990,Riesgo Prediabetes:,"De 5,7 a 6,4",1
3546,3990,Riesgo Diabetes:,"Mayor a 6,5",1
3547,5133,Normal:,Menor a 30,1
3548,5133,Microalbuminuria:,De 30 a 300,1
3549,5133,Proteinuria:,Mayor a 300,1
3550,5141,Valores de referencia:,"82,5 a 95,0",1
3551,5142,Valores de referencia:,"27,0 a 32,0",1
3552,5143,Valores de referencia:,"32,0 a 36,0",1
3553,5144,Adultos:,4.500 a 11.000,1
3554,5159,Valores de referencia:,150.000 a 400.000,1
3555,5044,Valores intermedios:,75 a 125,1
3556,5044,Valores Elevados:,> 125,1
3557,2471,,,0
3561,5162,Hiperaldosteronismo Primario:,,0
3562,5162,Alta sospecha:,> 36,1
3563,5162,Baja sospecha:,< 36,1
3564,5163,Adultos:,"De 4,0 a 5,6",1
3565,5166,> 1 año:,"46,00 a 70,00",0
3566,5167,Valor de referencia:,"Menor a 16,3",1
3567,2851,,,0
3568,2851,Riesgo de ECV:,Metas:,0
3569,2851,Moderado:,< 100,1
3570,2851,Alto:,< 80,1
3571,2851,Muy Alto:,< 65,1
3572,5169,Valor de referencia:,0 - 50,1
3573,5170,Negativo:,Menor a 16,1
3574,5170,Indeterminado:," 16-24",1
3575,5170,Positivo:,Mayor a 24,1
3576,5171,Negativo:,Menor a 16,1
3577,5171,Indeterminado:,16-24,1
3578,5171,Positivo:,Mayor a 24,1
3579,5172,BEI:,Hasta 25,1
3580,5172,Limite de cuantificacion:,"1,0",1
3581,5173,BEI;,"1,5",1
3582,5173,Limite de cuantificacion:,"0,1",1
3583,5174,BEI:,Hasta 400,1
3584,5174,,suma de los ácidos mandélico y fenilglioxílico,0
3585,5174,Limite de cuantificacion:,50 mg/L,0
3586,5180,CLASE 0:,Ausencia,1
3587,5181,CLASE 0:,Ausencia,1
3588,5182,CLASE 0:,Ausencia,1
3589,5183,CLASE 0:,Ausencia,1
3590,5184,CLASE 0:,Ausencia,1
3591,5185,IC: Insuficiencia Cardiaca.,,0
3592,5185,IC descartada:,< 300,1
3593,5185,IC posible:,,0
3594,5185,< 50 años:,> 450,1
3595,5185,50-75 años:,> 900,1
3596,5185,> 75 años:,> 1.800,1
3597,5185,IC muy probable:,> 10.000,1
3598,5186,Valor de referencia:,Menor o igual a 20,1
3599,5188,Negativo:,"Hasta 13,5",1
3600,5188,Indeterminado:,"13,5 a 16,5",1
3601,5188,Positivo:,"Mayor o igual de 16,5",1
3602,5189,Recien Nacidos:,125 a 300,1
3603,5189,Adultos:,200 a 400,1
3604,5190,No Reactivo:,"Menor a 0,8",1
3605,5190,Indeterminado:,"de 0,8 a 1,2",1
3606,5190,Reactivo:,"Mayor o igual a 1,2",1
3607,5192,Valores de referencia:,"7,0 - 20,5",1